매거진 명,업로드 날짜,제목,본문,기사 URL
Marie Claire,2025-03-12,스포츠에 패션 더하기,"휠라가 글로벌 앰버서더인헤일리 비버와 협업해 2025 S/S 컬렉션을 출시했습니다. 헤일리 비버는 따라 입고 싶게 만드는 매력이 있는 메가 인플루언서죠. 이번 컬렉션은 그가 평소에 어디서나 입고 싶은 옷을 만들었습니다. 몸에 꼭 맞는 타이트한 티셔츠와 탱크톱, 트윌 소재의 플리츠스커트, 바람막이 재킷 등 스포티한 데일리 룩을 완성할 수 있는 아이템들이 가득하네요.

스포츠 브랜드는 등산이나 트래킹, 러닝 등 다양한 야외 활동을 위한 기능적인 부분에 포커스를 맞추어 스타일이 아쉬운 경우가 많았는데요.노스페이스와세실리아 반센이 만나 사랑스러운 스포츠 아이템들을 선보입니다. 러블리한 무드로 자타 공인 1인자인 세실리아 반센이 노스페이스 제품에 다양한 소재로 꽃을 더해 마치 당장이라도 꽃 냄새가 날 것 같은 디자인을 선보였습니다. 오는 13일 공개 예정입니다.
호카는 러닝을 사랑하는 많은 사람들이 선호하는 기능성 의류 브랜드입니다. 호카에서 베스트셀러 제품 중 하나인 ‘본디 B3 LS’ 스니커즈에 키치한마르니의 감성이 더해졌는데요. 푹신한 착지를 도와주는 두툼한 아웃솔에 구름처럼 폭신해 보이는 패딩 처리한 어퍼 부분이 흥미롭네요. 오는 4월 3일부터 마르니 매장 출시를 시작으로 4일부터는 일부 호카 매장과 편집숍에서 만나볼 수 있습니다.

킴 카다시안이 전개하는 이너웨어 브랜드스킴스가나이키와 협업을 예고했습니다. 트레이닝 의류부터 신발, 액세서리에 이르기까지 광범위한 카테고리의 컬렉션을 선보일 예정인데요. 평소 탁월한 컬러 감각을 선보인 스킴스의 아이덴티티를 나이키에 어떻게 녹여낼지 귀추가 주목됩니다. 올봄 미 전역에서 출시되며 추후 글로벌 발매가 진행됩니다.",https://www.marieclairekorea.com/fashion/2025/03/sports-brnad-collaboration/
Marie Claire,2025-02-25,2025 S/S 패션 트렌드 #5 | Neo-Bourgeois,"오늘도 패션에 울고 웃는 마리끌레르 패션 에디터들이 저마다의 취향과 경험, 감식안으로 건져 올린 2025 S/S 패션 트렌드에 대하여.
어린 시절, 사촌 동생과 나는 거대한 퍼프소매와 리본이 달린 드레스를 입는 것을 좋아했다. 그 나이대 여느 아이들처럼 디즈니 공주와 말괄량이 삐삐 사이를 오가며 공주 놀이에 진지하게 심취했고, 열병 같은 그 시기(?)를 지난 그후엔 더 이상 공주 옷을 입지 않았다. 무엇보다 아무리 트렌드가 돌고 돈다 해도 공주들의 시대는 오지 않을 것이라 생각했기 때문이다. 하지만 이게 웬걸, 차일드 후드 · 발레 · 바비 코어 등 각양각색의 공주 스타일이 몇 시즌째 가장 뜨거운 트렌드로 등극하는 이변(?)을 낳은 것. 이번 시즌에 등장한 룩은 복고적인 기조가 물씬 느껴지는 ‘네오 부르주아(Neo Bourgeois)’다. 지금까지 부르주아 룩은 승마를 즐기는 여성에게 어울릴 법한 미니멀하고 쿨한 실루엣이었던 반면, 이번 시즌의 부르주아는 맥시멀하고 로맨틱한 실루엣이 주를 이룬다. 실크 타이로 목을 칭칭 감아 거대한 리본을 매는 푸시 보를 더하거나 레이스와 프릴, 폴카 도트를 풍성하게 활용하고, 잔 꽃무늬 드레스에 퍼 목도리를 매치하거나 구조적인 실루엣에 퍼프소매를 더해 격조 있는 보헤미안 바이브를 구현하는 방식. 이토록 동화적인 무드의 네오 부르주아 룩을 보고 있자니 사각거리는 리본, 조잘거리는 프릴 장식이 달린 드레스와 레이스 타이츠로 온 세상을 가진 것처럼 행복했던 그 시절의 마음이 지금의 나에게도 가득 차오른다.",https://www.marieclairekorea.com/fashion/2025/02/fashion-trend-neo-bourgeois/
Marie Claire,2025-02-25,"2025 S/S 패션 트렌드 #2 | Belly, On The Sly","오늘도 패션에 울고 웃는 마리끌레르 패션 에디터들이 저마다의 취향과 경험, 감식안으로 건져 올린 2025 S/S 패션 트렌드에 대하여.
에디터에게는 계절을 가리지 않고 고수하는 스타일링 룰이 있으니, 바로 배를 은근하게 드러내는 것이다. 그러니 2025 S/S 시즌 ‘은근하게 배 내놓기(?)’ 트렌드가 도래했다는 소식에 환호할 수밖에! 사실 배를 드러내는 차림 자체는 어느 시대에나 존재했다. Y2K의 선풍적 인기와 함께 귀환한 로라이즈 팬츠 스타일링이나 란제리 룩의 유행에 힘입어 등장한 브라톱 스타일링 역시 필연적으로 어느 정도의 노출을 수반했으니 말이다. 그러나 이번엔 좀 다르다. 아이템은 차치하고 배를 얼마만큼 은근하게, 의도적으로, 스타일리시하게 내놓느냐에 초점이 맞춰졌기 때문이다. 재미있는 점은 노출의 기술이 생각보다 각양각색이라는 사실! 일례로 스텔라 매카트니가 크롭트보다 살짝 긴 톱과 골반 아래에서 시작되는 데님 팬츠를 매치해 비교적 ‘대놓고 배 내놓기’를 감행했다면, 스포트막스와 김해김은 벌어진 셔츠나 재킷 사이로 ‘살짝 배 내놓기’를 택했고, 에르메스는 짧은 브라톱을 고르되 살이 드러나는 면적이 과하게 넓지 않도록 하의를 한껏 끌어올려 입었다. 반면 맥퀸은 치마의 허리선과 밑 부분을 시어한 소재로 이어 아랫배를, 에밀리아 윅스테드는 패널 형태의 톱으로 골반을 강조해 보여주며 ‘아주 은근하게 배 내놓기’의 정수를 선보였다. 앞서 언급한 사례 모두 크리에이티브 디렉터와 스타일리스트의 고유한 감각으로 완성된 결과물이지만, 트렌드의 진가는 스포트막스처럼 극도로 우아한 룩에 적용할 때 발휘된다. 지극히 단정한 룩 사이로 살결이 살며시 드러나며 주는 쿨한 느낌이라니! 배앓이를 걱정하는 주변의 잔소리야 각오해야겠지만, 그 말에 숨은 따뜻함을 겉옷 삼으면 그만이다.",https://www.marieclairekorea.com/fashion/2025/02/fashion-trend-2-belly-on-the-sly/
Marie Claire,2025-02-25,2025 S/S 패션 트렌드 #1 | Layered Elegance,"오늘도 패션에 울고 웃는 마리끌레르 패션 에디터들이 저마다의 취향과 경험, 감식안으로 건져 올린 2025 S/S 패션 트렌드에 대하여.
패션 에디터를 업으로 삼은 직장인의 아침은 너무나도 분주하다. 특히 터질 듯한 옷장 앞에 섰을 땐 아이러니하게도 ‘이렇게 옷이 없었나?’ 싶어 생각이 많아진다. 가장 고민되는 지점은 바로 하의 선택! 치마를 입을 것인가? 바지를 입을 것인가? 하지만 이번 시즌에는 이런 걱정을 덜 수 있을 것 같다. 바로 욕심쟁이처럼 둘 다 입어버리면 그만이니까! ‘그게 가능해?’라고 의문을 제기할 수도 있지만, 우리는 이미 이 조합에 익숙하다. Y2K가 트렌드를 휩쓸던 시절에는 할리우드 셀럽을 따라 레트로 패턴 드레스에 스키니 데님 팬츠와 벨트, 모터 백을 매치하기도 했고, ‘올드 셀린느’로 회자되는 피비 필로 시절의 셀린느를 떠올리면 거의 매 시즌 넉넉한 실루엣의 드레스와 팬츠에 플랫 샌들로 쿨한 스타일링의 미학을 경험하기도 했으니까. 그리고 2025 S/S 시즌, 우리는 펜디와 디올, 케이트 등의 컬렉션에서 동시대적 드레스와 팬츠의 매치를 목도하고 있다. 키가 작은 내게는 사실 펜디처럼 시스루 드레스에 하이웨이스트 팬츠를 매치하거나 록(Rokh)처럼 상체 쪽에 디테일이 있는 드레스로 시선을 분산하는 방법이 효과적일 터. 체형과 상관없이 모든 여성에게 통하는 방법으로는 디올이나 케이트의 스타일링 방식을 추천한다. 자신과 잘 어울리는 롱 드레스에 바지 밑단이 보일 듯 말 듯하게 입는 것. 이는 눈코 뜰 새 없이 바쁜 현대사회를 살아가는 여성에게 가장 현실적인 동시에 트렌디한 대안이 되어줄 것이다.",https://www.marieclairekorea.com/fashion/2025/02/trend-layered-elegance/
Marie Claire,2025-02-21,켄달 제너도 꽂힌 헌팅캡 스타일링,"켄달 제너는 요즘 다양한 스타일에 도전하고 있습니다. 파파라치들에게 포착될 때마다 새로운 룩을 선보이고 있는데요. 최근에는 헌팅캡을 착용한 모습이 인상 깊었죠. 헌팅캡이 지닌 빈티지한 무드를 살려 태슬 장식이 더해진 숄과 허리라인이 잘록한 스웨이드 재킷을 함께 매치했습니다. 헌팅캡은 본래 사냥할 때 쓰는 모자이기도 했는데요. 켄달 제너의 룩도 사냥에서 영감을 받은 것 같죠?

조이는 헌팅캡을 사랑스러운 공주님처럼 소화했습니다. 강렬한 레드 체크무늬 트위드 셋업에 커다란 리본이 더해진 헌팅캡을 스타일링해 러블리한 룩을 완성했는데요. 리본 디테일 하나만으로 투박한 헌팅캡이 섬세하고 아름답게 변모할 수 있다는 사실을 증명했네요. 그는 크리스털이 박힌 토트백과 진주 목걸이 액세서리를 착용해 화려함을 더하는 것도 잊지 않았습니다.

신세경은 클래식한 형태의 헌팅캡을 착용했습니다. 트위드 원단으로 만든 블랙 앤 화이트 컬러의 헌팅캡으로 도회적인 무드를 자아내고 있죠. 오프숄더 디자인의 카디건과 미니스커트를 매치해 헌팅캡 스타일링의 우아하고 모던한 버전을 보여 주었습니다. 그는 헌팅캡이 너무 부각되지 않도록 똑똑한 스타일링을 했는데요. 바로 강력한 존재감을 발휘하는 카디건의 볼드한 단추 디테일을 활용한 것입니다.

스타일링의 귀재엘사 호스크. 그가 헌팅캡을 스타일링하는 방법은 다른 이들과 조금 다릅니다. 바로 거꾸로 뒤집어 착용하는 것이죠. 미우 미우의 그레이 헌팅캡을 뒤집어쓰고 오버사이즈 코트와 셔츠, 와이드 팬츠를 매치해 멋진 룩을 연출했습니다. 모든 아이템을 그레이 톤으로 맞추어 세련된 스타일링을 선보였네요.",https://www.marieclairekorea.com/fashion/2025/02/hunting-cap/
Marie Claire,2025-02-19,납작할수록 스타일리시한 스니커즈,"납작 스니커즈의 인기는 계속될 전망입니다.

미우 미우를 제외하고 납작한 스니커즈를 논할 수 없습니다. 매 시즌 새로운 트렌드를 선도하며 MZ들의 전폭적인 지지를 받는 브랜드로 성장한 미우 미우. 이번 시즌에는 우아한 스포티즘을 표방하는데요. 스니커즈는 매우 납작하고 스포티하게 디자인되었습니다. 현재 진행 중인 ‘김나지움 팝업 스토어’에서는 참이나 탭, 레이스 등 원하는 옵션을 적용해 나만의 키치하고 납작한 스니커즈를 완성할 수 있습니다.
프라다의 ‘컬랩스’ 스니커즈는 발레리나 슈즈와 스니커즈를 결합한 듯한 독특한 디자인이 특징입니다. 리나일론과 스웨이드 소재로 제작한 이 스니커즈는 뒤축에 조임 디테일이 있어 신고 벗기 편하고 바닥과 거의 일체를 이루는 플랫한 아웃솔이 독특하죠. 빈티지한 무드도 지니고 있어 데일리 아이템으로 활용하면 모든 룩에 완벽하게 어울립니다.
편하게 신을 수 있는 납작 스니커즈를 찾는다면오니츠카 타이거의‘멕시코 66’을 추천합니다. 할리우드 셀럽들의 파파라치 컷에 자주 등장하는 스니커즈로 베이식한 디자인에 납작한 실루엣으로 캐주얼부터 포멀까지 넓은 범위의 스타일을 담당할 수 있기 때문이죠. 특히 룩에 포인트 컬러로 활용하기 좋은 옐로 모델이 인기가 많습니다.
자크뮈스의 쇼에 등장하며 많은 관심을 받은 스니커즈가 있습니다. 이름하여 ‘더 테니스’. 오프 화이트와 브라운, 옐로 세 가지 컬러로 출시하는데요. 오프 화이트 제품의 경우 측면은 속살이 보이는 튤 소재를 적용하고 나머지는 스웨이드로 만들어 우아한 룩에도 잘 어울리는 납작한 스니커즈죠.",https://www.marieclairekorea.com/fashion/2025/02/flat-sneakers/
Marie Claire,2025-02-12,제니도 반한 포켓 백,"제니가샤넬패션쇼에 참석하기 위해 파리를 방문했을 때 포착된 가방이‘샤넬 25백’입니다. 호보백 디자인에 사이드포켓이 2개 더해진 제품으로 세련되면서 실용적인데요. 제니를 비롯해 아이린, 두아 리파가 착용해 가장 핫한 샤넬 백입니다.

르메르는‘기어백’이라는 이름으로 가방의 전면에 2개의 포켓과 후면에 1개의 지퍼 수납공간이 더해진 아이템을 선보였습니다. 최근 런웨이에도 등장해 많은 이들이 관심을 가졌는데요. 탈착 가능한 스트랩으로 다양한 연출이 가능하고 스몰, 미디엄, 위크 엔드 총 3가지 사이즈로 선택의 폭이 다채롭죠.

보호 시크 트렌드로 단숨에 핫한 브랜드로 재조명 받고 있는끌로에. 끌로에의‘카메라 백’은 볼드한 멋이 있는 가방인데요. 큼지막한 잠금장치와 볼륨감 있는 사이드포켓, 버클 장식이 더해진 전면부 포켓으로 가방의 만듦새가 완벽합니다. 전종서, 이민정 등이 착용해 인기를 더하고 있죠.

아크네 스튜디오는 발레 코어를 더한‘멀티 포켓 백’을 선보였습니다. 2개의 사이드포켓과 2개의 전면 포켓으로 총 4개의 포켓에 수납이 가능한 가방인데요. 전면 포켓에는 가죽으로 만든 리본 디테일이 더해져 사랑스럽죠.",https://www.marieclairekorea.com/fashion/2025/02/pocket-bag/
Marie Claire,2025-02-09,"목이 허전할 때, 스키니 스카프","인디슬리즈 트렌드의 부상으로 스타일링 필수품으로 자리 잡은 스키니 스카프

새롭게 공개된 쿠팡 플레이 시리즈 ‘뉴토피아’를 비롯해 솔로 앨범 컴백 준비로 바쁜 나날을 보내고 있는지수. 지수도 스키니 스카프 트렌드에 동참했습니다. 베이식한 데님 팬츠에 비대징 헴라인이 돋보이는 슬리브리스 톱을 매치하고 스키니 스카프를 가볍게 묶어 연출했는데요. 파리지엔느처럼 시크한 룩을 완성했습니다. 자연스러운 헤어스타일이 무드를 완성해 주고 있네요.

김채원도 블랙 스키니 스카프를 활용한 룩을 선보였는데요. 레이스 장식이 더해진 화이트 톱과 볼륨감이 살아 있는 오버사이즈 레더 재킷을 믹스 매치하고 스키니 스카프로 룩을 마무리했습니다. 소녀스러움과 터프한 모습, 두 가지가 섞여 오묘한 오라를 풍기고 있는데요. 스키니 스카프 덕분에 룩을 더욱 세련되게 완성할 수 있었습니다.

백금발에 가까운 단발머리 스타일을 유지하고 있는엘사 호스크. 그는 머리부터 발끝까지 화이트로 스타일링한 룩을 인스타그램에 업로드했는데요. 편안해 보이는 울 셋업에서 빛나는 존재감을 발휘하는 것이 스키니 스카프입니다. 묵에 가볍게 둘러 길고 가늘게 연출해 극강의 비율을 자랑하는 그의 몸매를 부각시키고 있죠. 엘사 호스크처럼 터틀넥 위에 스키니 스카프를 두르면 룩을 더욱 풍성하게 연출할 수 있습니다.

행사장에서 과감한 시스루 룩을 선보인기은세. 그는 돌체앤가바나의 레이스 스타일을 완벽하게 소화했는데요. 언더웨어가 훤히 보이는 시스루 원피스를 착용하고 새틴 라펠 장식이 우아한 블랙 코트를 함께 매치했습니다. 야리야리하면서 강인해 보이는 두 면모를 지닌 스타일링이었는데요. 레이스 소재의 스키니 스카프를 목에 묶어 시선을 분산시킴으로서 과해 보이지 않게 스타일링에 심혈을 기울였습니다.",https://www.marieclairekorea.com/fashion/2025/02/skiny-scarf/
Marie Claire,2025-02-06,"올봄, 슈트의 시대가 도래할 예정","켄달 제너가 분위기 있는 흑백 사진을 인스타그램에 업로드했습니다. 고혹적인 웨이브의 금발 헤어스타일과 남성적인 슈트의 조합이 이렇게나 잘 어우러집니다. 그는 라펠의 각도가 살아 있는 피크드 라펠의 슈트 재킷과 팬츠를 매치하고 동일한 소재로 만든 더블 브레스티드 코트까지 함께 매치해 포멀한 룩을 선보였습니다.

세상에는 다양한 스타일의 슈트가 존재합니다.헤일리 비버가 착용한 미니스커트 셋업 슈트를 참고해 보세요. 그는 단정한 스리 버튼 재킷에 파격적인 미니스커트 셋업을 선보여 스타일 아이콘으로서의 면모를 과시했는데요. 재킷의 볼드한 단추 디테일 덕분에 별다른 액세서리를 더하지 않아도 풍성한 룩이 완성되었습니다.

브루노 마스의 신곡  ‘Fat, Juicy & Wet’의 뮤직비디오에로제,레이디 가가,섹시 레드가 슈트를 입고 등장했습니다. 브라운 베이스에 레드 컬러 핀 스트라이프 패턴이 돋보이는 바지 정장인데요. 로제는 선글라스를 더했고 레이디 가가는 목걸이를 레이어링 해 포인트를 주었죠. 섹시 레드는 볼드한 펜던트의 체인 목걸이로 래퍼다운 패션 센스를 자랑했습니다.

차정원은 그의 영화 ‘폭락’의 무대인사에 다양한 스타일의 슈트를 입고 등장했습니다. 가장 인상 깊었던 룩은 숄칼라 재킷의 슈트였는데요. 허리 벨트가 더해진 이 재킷에 와이드 팬츠를 스타일링해 우아하면서 카리스마 있는 여배우 스타일을 완성했죠. 재킷의 칼라와 바지의 핏에 따라 슈트가 이렇게나 달라 보일 수 있네요.",https://www.marieclairekorea.com/fashion/2025/02/suits/
Marie Claire,2025-01-31,2025 F/W 파리 맨즈 패션위크에 참석한 셀럽은? Part 2,"파리에서 열린 패션 위크에서 설렘 가득한 순간을 선사했던 우리나라 셀럽들.
킴 존스가 선보이는 마지막 디올 맨의 쇼로 더욱 뜻깊었던 이번 런웨이.남주혁과한소희가 참석해 자리를 빛냈습니다. 남주혁은 그레이 톤온톤으로 룩을 완성했는데요. 허리까지 오는 크롭 기장의 코트에 핀 스트라이프 팬츠와 터틀넥, 볼드한 스니커즈를 매치해 남자들이 따라 해 볼 법한 스타일이었죠. 한소희는 스트라이프 패턴이 더해진 데님 재킷에 드레시한 원 숄더 톱을 매치하고 스틸레토 힐을 착용해 믹스 매치 룩의 정석을 보여주었습니다.

더 보이즈선우는 아미리의 앰버서더입니다. 앰버서더 자격으로 참석하는 패션쇼도 놓칠 수 없겠죠. 아미리는 화려한 프린트와 정제된 실루엣으로 스타일리시한 룩들을 선보였는데요. 이날 선우가 착용한 룩도 눈을 뗄 수 없습니다. 가죽 꽃 아플리케가 더해진 봄버 재킷과 글리터리한 폴로셔츠, 강렬한 레드 컬러의 핀 스트라이프 팬츠의 조합으로 드라마틱한 스타일을 뽐냈죠.

이준호는 파리에서 열린 벨루티의 130주년을 축하하는 프레젠테이션에 참석했는데요. 고퀄리티의 가죽을 사용해 다양한 룩과 구두를 선보이는 벨루티와 이준호가 잘 어울리지 않나요? 그는 부드러운 윤기가 흐르는 가죽 블루종이 강조될 수 있도록 터틀넥 풀오버와 블랙 팬츠를 매치해 원 포인트 스타일링을 선보였습니다. 데일리룩으로 참고해도 좋겠네요.

자크뮈스 쇼에 참석한 우리나라 셀럽은 누구일까요? 그 주인공은 바로 에이티즈의홍중입니다. 그는 올블랙룩에 브라운 가방으로 포인트를 주었는데요. 블랙 무톤 코트와 브이넥 니트, 팬츠를 스타일링해 겨울 남자 룩을 완성하고 자크뮈스에서 새롭게 선보인 투리스모 백을 착용했습니다. 이 백은 매듭 디테일이 돋보이는 넉넉한 수납력의 가방이죠.",https://www.marieclairekorea.com/fashion/2025/01/celeb-in-paris/
Vogue,2025-03-11,2025년 핸드백은 ‘이렇게’ 생겼습니다,"백과 핸드백에는 분명한 차이가 있습니다. 백은 크기와 상관없이 소지품을 넣을 수 있는 모든 형태의 가방을 의미합니다. 포괄적이죠. 반면 핸드백은 좀 더 구체적입니다.  더 로우의 마고, 프라다의 버클, 보테가 베네타의 안디아모와 발렌시아가의 르 시티, 미우미우의 아방뛰르, 그리고 에르메스의 버킨 백을 떠올려보세요.
특히 버킨 백은 다른 모델보다 최소 20년 먼저 탄생했지만 여전히 패션계에서 중요한 위치를 점하고 있습니다. ‘핸드백’이란 어떤 모습이어야 하는지 정의하는 기준점과도 같죠.
버킨 백부터 앞서 언급한 모델까지, 전형적인 핸드백 실루엣이 곳곳에서 쏟아져 나오는 요즘입니다. 클래식 핸드백의 인기가 심상치 않다는 증거죠. 생김새는 대체로 박스 모양에 톱 핸들이 달려 있습니다. 내부나 외부에 1개 이상의 포켓을 갖췄고요. 네타포르테 패션 디렉터 케이 배런(Kay Barron)은 “다시 출퇴근을 하게 되면서 소지품을 한데 담을 수 있는 가방을 점점 더 선호하는 추세예요. 작은 핸드백은 수납력이 좋지 않으니 추가로 토트백을 들고 다니는 경우도 많더군요”라며 이 현상을 설명합니다.
핸드백은 팬데믹 기간 동안 일시적인 침체기를 겪었습니다. 집에 머무는 시간이 길어지면서 실용성을 따지는 건 고사하고 가방 자체가 그닥 필요치 않았죠. 이후에는 크로스 백, 마이크로 핸드백, 거대한 빅 백, 어깨에 가볍게 끼우는 숄더백 등 다양한 가방 트렌드가 등장했고요. 하지만 2023년 무렵 더 로우 마고 백의 인기가 치솟으면서 분위기는 달라졌습니다. 마고 백은 입고와 품절을 거듭했고 세상은 너도나도 마고 백과 유사한 디자인의 가방을 내놓기 시작했죠.
동시대 브랜드의 가방이 클래식 핸드백 반열에 오르는 것은 드문 일입니다. 마고 백이 그 어려운 일을 해낸 거죠. 비결은 뭘까요? 충성도 높은 팬층(그중에는 영향력 있는 셀럽들이 많죠)과 적절한 타이밍 덕분입니다. 메리 케이트 올슨은 브리티시 <보그>와의 인터뷰에서 “가장 큰 행운은 제가 이런 여성들과 가까운 관계를 맺고 있다는 거예요. 그들은 시즌마다 브랜드의 방향성을 결정하는 데 큰 영향을 미쳐요. (…) 디자인 작업을 할 땐 특정 고객을 염두에 둡니다. 그들의 하루가 어떻게 흘러가는지, 언제 그리고 어떻게 여행을 하는지 등을 이해하고 있죠”라고 말합니다. 이후 더 로우는 다양한 변주를 선보이며 마고 백 라인을 확장해나갔습니다.
이와 같은 흐름 속에서 미우치아 프라다는 2024 봄/여름 컬렉션을 통해 버클 백을 선보였습니다. 마고와 마찬가지로 큰 성공을 거둔 가방이죠. 물론 미우치아 프라다는 근사한 핸드백을 자주 내놓았던 인물입니다. 갤러리아와 리에디션 1995만 봐도 그녀의 방대한 유산을 짐작할 수 있죠. 미우미우 2024 봄/여름 런웨이에 올린 보(Beau) 백 또한 흥미롭습니다. 미우치아 프라다가 생각하는 현대적인 핸드백의 전형을 보여주는 디자인이죠.
여전히 많은 사람들이 토트백을 선호할 겁니다. 매끈한 가죽 소재든, 그래픽을 가미한 캔버스 소재든 말이에요. 하지만 토트백은 핸드백과는 결이 다릅니다. 개인적인 경험을 떠올려보면, 주변 여성들이 오랫동안 사용해온 핸드백은 모두 견고했어요. 시간이 지나며 생기는 멋스러운 에이징도 인상적이었죠. 반면 토트백은 일시적인 느낌을 줍니다. 물론 나름의 개성은 있죠. 뉴요커, 무비, 돈트 북스(Daunt Books) 등의 캔버스 백이 문화 코드로 자리 잡은 걸 보면요. 핸드백은 다분히 의도적인 선택처럼 보입니다. 취향과 스타일이 확고해 보이죠.
물론 핸드백 시장은 끊임없이 변화 중입니다. 최근에는 남성들도 핸드백을 즐겨 들죠. 에이셉 라키와 제이콥 엘로디는 보테가 베네타 안디아모의 매력에 푹 빠졌습니다. 더 로우는 남성과 여성 모두를 위한 액세서리를 홍보하고 있고요. 너무 걱정 마세요. 트렌드 사이클과 상관없는 좋은 핸드백을 찾는다면 아마 평생 ‘충성’할 수 있을 겁니다.",https://www.vogue.co.kr/2025/03/11/2025%eb%85%84-%ed%95%b8%eb%93%9c%eb%b0%b1%ec%9d%80-%ec%9d%b4%eb%a0%87%ea%b2%8c-%ec%83%9d%ea%b2%bc%ec%8a%b5%eb%8b%88%eb%8b%a4/
Vogue,2025-03-07,"모두가 똑같은 옷을 입는 시대, 진짜 멋은 어디에 있나","몇 년 전 겨울, 버스에서 지루할 때마다 남몰래 했던 게임이 있습니다. 이름하여 ‘스타일 빙고’. 아디다스 삼바나 어그 부츠, 노스페이스 패딩, 아크네 스튜디오의 체크 머플러 등 유행하는 아이템을 발견하면 마음속으로 ‘빙고’를 외치는 게임이었죠. 그해 겨울, 얼마나 많은 ‘빙고’를 달성했는지 모릅니다.
어쩌다 이렇게 모두가 비슷한 스타일의 옷을 입게 되었는지에 대해 다룬 글은 많습니다(참고로 2024년 브리티시 <보그> 6월호에 실린 줄리아 홉스의 글은 정말 훌륭합니다. 틱톡 알고리즘이 우리 옷차림을 얼마나 지루하게 만들었는지에 대해 기술 산업 종사자부터 문화 비평가까지, 다양한 이들의 의견과 함께 깊이 분석했죠). 반대로 캡슐 옷장을 만들거나 ‘개인적인 스타일’을 좀 더 함양하자는 의식적인 움직임도 일어나는 중입니다. 하지만 이런 흐름조차 획일화는 피해 갈 수 없었습니다. “’개인적인 스타일’이라는 개념도 결국 그토록 저항했던, 무미건조한 소셜 미디어 속 스타일과 비슷한 길을 걷게 됐습니다. 상품화된 미학 중 하나가 되어버린 거죠. 대부분의 패션이 그렇듯이요”라고 지난해 브리티시 <보그> 에디터 다니엘 로저스가 쓴 것처럼요.
이런 생각이 들더군요. 브레인 로트(Brain Rot, 온라인 콘텐츠 과소비로 인한 사고력 및 집중력 저하) 시대인 지금, 심지어 ‘개인적인 스타일’이나 ‘나를 위한 옷 입기’까지 하나의 유행어처럼 느껴지는 이 시점에서, 어쩌면 진짜 멋진 스타일은 스크린과 아주 멀리 떨어져 있는 게 아닐까요? 비결은 그냥 ‘로그 오프(Log Off)’일지도 모릅니다. 오해하지 마세요. 온라인 세상에 아예 발 들이지 말자는 건 아닙니다. 정확히 말하면 티셔츠와 청바지조차 ‘캐주얼코어’라고 거창하게 포장할 틱톡 인플루언서를 비롯한 소셜 미디어의 영향력에서 벗어나자는 소리죠.
오프라인을 살아가는 사람들이 온라인에 접속해 있는 우리보다 더 쿨하고 멋지다는 생각은 그리 새롭진 않습니다. 저 역시 예전에 이 주제에 대해 글을 쓴 적이 있고요. 하지만 스타일에 민감한 이들에게는 소셜 미디어를 그만두는 게 쉽지 않을 수 있습니다. 불안하거나 막막할 수 있죠. 지금 유행이 어떻게 흘러가는지 알 길이 없으니까요. 하지만 제 의견은 이렇습니다. 소셜 미디어에서 파생되는 수많은 마이크로 트렌드를 성실하게 따르는 이는 패셔너블하거나 스타일리시하지 않습니다. 문밖을 나서면 핀터레스트로 도배되다시피 한 스타일을 거리 곳곳에서 반복적으로 마주칩니다. 이제 정말 현실로 돌아와야 할 때가 아닌가 싶더군요. 최소한 스스로가 즐길 수 있는 또 다른 서브컬처를 찾아나서거나요.
알고리즘에 피로감을 느끼는 사람은 저뿐만이 아닐 겁니다. 마이크로 트렌드를 비판한 것도 제가 처음이 아니고요. 이런 종류의 반발은 꾸준히 제기되고 있습니다. 벌써 올해의 흐름도 과소비에서 ‘반’트렌드로 흘러가고 있죠. 도버 스트리트 마켓 파리의 바잉 책임자 닉 트랜(Nick Tran)은 “사람들은 많은 정보에 노출되어 있어요. 다른 사람들이 무엇을 좋아하는지, 앞으로 무엇을 좋아해야 하는지 끊임없이 보고 듣죠. 그래서 오히려 자신만의 ‘느낌’을 갖고 싶어 하는 거 같아요. 이게 바로 우리를 ‘개인적인 스타일’로 돌아가게 한 이유고요”라고 말합니다. 그럼 대체 ‘개인적인 스타일’이란 어떤 모습일까요? 닉은 “제 생각엔 사람들은 스스로 그걸 만들어나가고 싶어 하는 거 같아요”라고 대답했습니다. 결국 주체성에 대한 이야기였습니다. 주도적으로 나만의 스타일을 구축하는 거요. 이거야말로 신선한 생각이죠.
물론 온라인 트렌드로부터 ‘로그 오프’한다고 해서 영감이 사라지는 건 아닙니다. 저는 길거리나 파티에서 사람들이 어떤 옷을 입었는지 구경하는 걸 좋아해요. 인스타그램에서 멋져 보인다고 해서 실제로도 그럴 거라는 보장은 없으니까요. 무엇보다 현실에서는 옷이 몸을 어떻게 감싸고 있는지, 그게 어떤 분위기를 풍기는지가 더 중요하죠. 결국 진짜 멋진 사람들은 블록코어가 뭔지도 모를 확률이 높습니다. 애초에 그들은 마이크로 트렌드에 반응할 만큼 온라인 세상에 그리 오래 머물지도 않거든요.",https://www.vogue.co.kr/2025/03/07/%eb%aa%a8%eb%91%90%ea%b0%80-%eb%98%91%ea%b0%99%ec%9d%80-%ec%98%b7%ec%9d%84-%ec%9e%85%eb%8a%94-%ec%8b%9c%eb%8c%80-%ec%a7%84%ec%a7%9c-%eb%a9%8b%ec%9d%80-%ec%96%b4%eb%94%94%ec%97%90-%ec%9e%88%eb%82%98/
Vogue,2025-03-07,스키니 진을 입지 않는 사람들을 위한 스키니 진 입는 법,"“미디어는 패션을 향해 분노하는 걸 즐기지.”브리티시 <보그> 에디터의 말에 격하게 고개를 끄덕였습니다. 영국이라면 더하죠. ‘바보 같은 패션 피플은 지금 무엇을 하고 있나’라는 기사가 매 시즌 나오고, 패션 피플의 행보를 신랄하게 비판(사실은 공격)하며 신이 난 평론가들의 얼굴을 기억하거든요. 2025년 가을/겨울 파리 패션 위크가 한창인 지금은 런웨이에 ‘부끄러움의 행진’이란 이름을 붙여놓고 조회 수가 나오길 바라는 타블로이드 기사가 쏟아져 나온다는군요.
사설이 길었습니다만, ‘스키니 진’이란 이름이 나올 때는 저 또한 그 분노의 행렬에 발맞추면서 목청을 높이게 됩니다. “돌아가라 스키니 진, 다신 오지 마라 스키니 진, 아무리 온다 해도 나는 안 입는다 스키니 진!” 빅뱅이 데뷔할 때 대학생이었던 저는 소녀시대의 컬러풀한 스키니 진을 입었는데, 그들을 실제로 마주하고 나서야 팔로 걸어 다니는 저들 정도는 되어야 소화할 수 있는 바지였음을 체감했습니다. 피도 통하지 않는 그 불편한 바지의 지퍼를 올리기 위해 침대에 누웠던 날들과 건물에 비친 생닭 같은 제 자태에 실소를 터뜨렸던 수치스러운 순간들이 스쳐 지나갔습니다. 혈액순환이 잘되는 시절을 더 즐겼어야 했는데 말이죠.
하지만 어제 해외 <보그> 기사를 보고 피할 수 없는 운명임을 깨달았습니다. 제목은 ‘당신이 싫어하든 말든 돌아온다’였습니다. 알고 있습니다. 청바지 통이 확연히 줄어들었다는 것을요. 다행인 건 과거처럼 혈자리까지 조이는 스키니 진은 없을 거란 사실입니다. 다행히 통이 좁다란 슬림 핏 진의 형태에 다리가 길어 보이도록 바지 끝에 플레어가 살짝 들어가는 실루엣으로 변화했죠. 제가 무서워하는 건 유행이란 게 전체적인 시장의 흐름을 바꾼다는 점입니다(원하는 와이드 팬츠가 있다면 지금 구매해두십쇼!).
저는 평소 헐렁반 청바지에 낙낙한 이너 티셔츠, 그 위에 체크 셔츠나 데님 셔츠를 입고 코트를 걸칩니다. 하이 웨이스트 스트레이트 청바지라면 티셔츠를 바지 안에 넣어 입은 뒤 납작한 스니커즈나 첼시 부츠를 신습니다. 로우라이즈 청바지는 세련된 가죽 재킷에 포인트를 줄 때 아주 좋죠. 각각의 청바지는 어울리는 자리와 목적이 따로 있습니다. 스키니 진도 마찬가지입니다(게슴츠레한 눈을 거둘 수 없다면, 슬림 핏 진으로 바꿔 부를까요?).
피할 도리 없이 슬림한 핏의 청바지가 몰려온다면 예쁜 오버사이즈 재킷, 특히 가죽 재킷을 뽐낼 때 활용하겠습니다. 과거에는 허벅지까지 오는 긴 티셔츠로 엉덩이를 가렸거든요. 만약 다리를 드러내야 하는 순간이라면, 허벅지가 물개 몸통처럼 보이지 않도록 어두운 회색 청바지에 색감이 고운 카디건을 입는 게 좋겠고요. 겨울이 된다면 이번 케이트 쇼처럼 무릎을 덮는 싸이하이 부츠에 매치해보겠습니다. 부츠 안에 청바지를 욱여넣을 필요 없이 쏙 들어가는 기쁨을 느낄 수 있겠죠. 실은 헐렁한 청바지를 부츠 안에 넣을 때면 과하게 멋 부린 느낌이 들어 피했거든요. 이 정도라면 어찌저찌 입을 수 있지 않을까요?",https://www.vogue.co.kr/2025/03/07/%ec%8a%a4%ed%82%a4%eb%8b%88-%ec%a7%84%ec%9d%84-%ec%9e%85%ec%a7%80-%ec%95%8a%eb%8a%94-%ec%82%ac%eb%9e%8c%eb%93%a4%ec%9d%84-%ec%9c%84%ed%95%9c-%ec%8a%a4%ed%82%a4%eb%8b%88-%ec%a7%84-%ec%9e%85%eb%8a%94/
Vogue,2025-03-06,"티셔츠에 청바지, 2025년엔 ‘이렇게’ 입으세요","일단 주인공은 정해졌습니다. 기어코 완연한 트렌드로 자리매김한 부츠컷/플레어 진이죠.
Fashion
2023.07.17by 이소미, Eugénie Trochu
흰 티셔츠 한 장이면 충분하다는 걸 50여 년 전제인 버킨이 이미 증명했지만요. 봄여름의 일상을 책임질 조합인 만큼 선택지도 다양하면 좋겠죠. 플레어 진의 독보적인 실루엣도 제대로 살리고 싶고요. 런웨이와 스트리트에서 가장 탐나는 조합을 엄선했습니다. 컬러부터 핏까지 꼼꼼하게 뜯어보세요. 구성이 단순할수록 디테일이 스타일을 결정짓는 법이니까요.
잘 고른 그래픽 티셔츠는 보헤미안 블라우스를 비롯한 ‘외출용 상의‘ 못지않은 멋을 자아냅니다. 마냥 캐주얼하고 싶지 않다면 아이템 선택에 심혈을 기울입시다. 화이트 컬러, 하이 웨이스트 스타일로 깔끔한 실루엣을 완성한 끌로에처럼요. 플레어 진과 잘 어울리기로 소문난 힐 샌들로 마무리하는 것도 방법입니다.
올여름에 입게 될 ‘흰 티에 청바지’는 쿨한 무드가 관건입니다. 티셔츠와 청바지 모두 여유로운 핏이어야겠죠. 대신 디테일로 한 끗 차를 줍시다. 청바지 밑단을 접거나 안경, 벨트 같은 액세서리를 동원해 나름의 포인트를 주는 겁니다.
플레어 진의 복고적인 매력을 살리고 싶다면 주저 없이 선택하세요. 히피의 상징이자 Y2K 무드도 가능한타이다이티셔츠입니다. 라인 스톤이나 비즈 등으로 장식된반짝이 청바지라면 더할 나위 없겠죠.
봄에 가장 유용할 조합입니다. 단색 티셔츠나 셔츠에 카디건 혹은 블레이저를 걸치는 건데요. 이때만큼은 기본에 충실한 디자인으로 구성합시다. 지루하진 않을 거예요. 부츠컷 데님의 퍼진 밑단이 어느 때보다 돋보일 테니까요.
정확히 말하면 화이트 티셔츠와 화이트 진 조합입니다. 여름날의 미니멀 무드를 연출하고픈 이들에게 제격이죠. 티셔츠와 데님 모두 되도록 몸에 꼭 맞는 핏을 선택하세요. 깨끗한 컬러감과 군더더기 없는 실루엣이 단순하지만 완성도는 높은, 담백한 세련미를 선사합니다.",https://www.vogue.co.kr/2025/03/06/%ed%8b%b0%ec%85%94%ec%b8%a0%ec%97%90-%ec%b2%ad%eb%b0%94%ec%a7%80-2025%eb%85%84%ec%97%94-%ec%9d%b4%eb%a0%87%ea%b2%8c-%ec%9e%85%ec%9c%bc%ec%84%b8%ec%9a%94/
Vogue,2025-03-06,올해 우리의 옷 입는 방식을 결정할 사진 3장,"뜻밖의 만남이 새로운 길을 터줄 겁니다.
2025 봄/여름 런웨이는 충돌과 혼란의 장이었습니다. 서로 다른 장르가 한 룩에 겹치고 뒤얽힌 모습은 생각보다 근사했고 낯선 만큼 흥미로웠습니다. 모두가 입을 모아 이렇게 외치는 듯했죠. 규칙이 없는 게 이번 시즌 규칙이라고요. 새 옷을 고르는 대신 조합을 고민하세요. 트렌드를 파악하기보다 자신의 취향을 파고드는 게 우선입니다. 감이 잘 오지 않는다면 스크롤을 내려보세요. 프랑스 <보그>가 꼽은 세 가지 룩이 좋은 길잡이가 되어줄 겁니다.
도트, 스트라이프, 애니멀 프린트,체크 패턴까지 야무지게 모은 아크네 스튜디오를 보세요! 포인트 역할에 충실했던 패턴과 그래픽이 이번 시즌만큼은 조화롭게 어우러질 예정입니다. 생각보다 튀지 않아요. 오히려 독특한 통일감을 만들어내죠. 가장 수월한 방법은 서로 다른 색조의 체크를 짝짓는 겁니다.


2025 봄/여름 런웨이에서 스포츠웨어의 활약은 대단했습니다. 포멀하고 드레시한 아이템과 태연하게 매치되며 남다른 존재감을 뽐냈죠. 마냥 대비 효과만 내세운 건 아니었어요. 미우미우의 모델은 짧은 트랙 재킷에 플리츠 디테일의 오피스 스커트를 착용했는데요. 상반된 무드도 톤과 핏만 잘 맞춰준다면 제짝인 것처럼 자연스럽다는 걸 일깨웠습니다.


‘팬츠 위 스커트’ 스타일은 Y2K 무드를 벗어 던졌습니다. 대신 우아함을 추구하기 시작했죠. 1990년대 전성기를 누렸던슬립 드레스가 스커트 자리를 차지한 걸 보면요. 그대로 입어도 충분하지만 점잖은 수트 팬츠와 함께해보세요. 슬립 드레스의 반경을 한껏 넓혀줄 겁니다. 같은 스타일도 구성에 따라 완전히 다른 무드를 낸다는 걸 알려줄 테고요.",https://www.vogue.co.kr/2025/03/06/%ec%98%ac%ed%95%b4-%ec%9a%b0%eb%a6%ac%ec%9d%98-%ec%98%b7-%ec%9e%85%eb%8a%94-%eb%b0%a9%ec%8b%9d%ec%9d%84-%ea%b2%b0%ec%a0%95%ed%95%a0-%ec%82%ac%ec%a7%84-3%ec%9e%a5/
Vogue,2025-03-05,치마 잘 입고 싶다면 새겨두어야 할 요즘 조합 6,"패션 위크가 한창인 지금, 우리에게 런웨이 못지않은 영감을 주는 건 쇼장 앞을 가득 채운 패션 피플의 스트리트 룩입니다. 다가올트렌드를 가늠하는 데 좋은 지표가 되죠. 특히 패션 위크가 열린 밀라노 거리는 더 재미있습니다. 깔끔한 테일러링부터 실험적인 스타일까지, 다양한 무드를 한 번에 볼 수 있거든요.
이제 막을 내린2025 가을/겨울 밀라노 패션 위크에서는 치마가 도드라진 활약을 보여줬습니다. 미우치아 프라다의 영향력을 무시할 수 없더군요. 프라다가 떠오르는 스타일을 곳곳에서 포착할 수 있었거든요. 스크롤을 내려보세요. 패션 피플의 근사한 스트리트 룩을 바탕으로 레이스부터 플리츠 스커트까지, 이번 시즌 시도해볼 만한 스커트 스타일을 모았습니다.
레이스 스커트, 특히 속치마처럼 밑단에 레이스 트리밍을 더한 스커트는 올봄 더욱 유용합니다.란제리 트렌드가 부상 중이거든요. 이브닝·파티용으로 활용할 게 아니라면 최대한 캐주얼한 아이템을 동원하세요. 워크 재킷이나 흰 티셔츠면 충분합니다. 페미닌한 디테일이 적을수록 레이스 스커트의 묘미가 살죠.


윈드브레이커, 아노락, 트랙 재킷 등 다양한 종류의 애슬레저 룩이 런웨이를 장악했습니다. 이런 아이템은 대비 효과를 주기 좋죠.체크 롱스커트처럼 클래식한 친구들과 짝짓는 겁니다. 액세서리에도 장난기를 더해볼까요? 오버사이즈 스크런치, 에나멜 백, 버클 로퍼 등을 마구 섞어보세요.


폭넓은 활용도를 자랑하는 아이템입니다. 모든 스타일과 잘 어울려서 오히려 고르기 힘들 정도지요. 이번 시즌에는 우아함을 추구해보는 건 어떨까요? 블레이저나 얇은 울 코트처럼 미니멀하고 간결한 아이템과 함께요. 뾰족한 키튼 힐이나 클러치로 마무리하는 것도 방법입니다.


어김없이 트렌드로 찾아온파스텔을 포기할 순 없죠. 특히 위의 룩처럼 버터 옐로와 파우더 핑크는 다가올 봄 날씨에 제격인 조합입니다. 산뜻함을 더하고 싶다면 이너로 새파란 니트를 받쳐 입으세요.


프레피 무드로 새 학기 기분을 내는 건 어떨까요? 플리츠 스커트에 낡은 데님 재킷이나 워크 재킷을 툭 걸쳐주는 겁니다. 로퍼가 지겨운 이들에겐 보트 슈즈를 추천합니다.


스팽글, 크로셰, 시퀸, 메탈릭 등 파티용 스커트를 활용해봅시다. 폴로 니트나 블레이저 등 단순하고 친근한 아이템과 함께한다면 어색함 없이 입을 수 있습니다.",https://www.vogue.co.kr/2025/03/05/%ec%b9%98%eb%a7%88-%ec%9e%98-%ec%9e%85%ea%b3%a0-%ec%8b%b6%eb%8b%a4%eb%a9%b4-%ec%83%88%ea%b2%a8%eb%91%90%ec%96%b4%ec%95%bc-%ed%95%a0-%ec%9a%94%ec%a6%98-%ec%a1%b0%ed%95%a9-6/
Vogue,2025-02-28,1990년대 감성의 이 패턴이 2025년 봄에 맞춰 돌아왔습니다,"겨울에서 봄으로 넘어가는 환절기는 여러모로 멋을 내기 애매한 시기입니다. 한국에서는 더더욱 그렇죠. ‘이제 봄이 왔나’ 싶을 정도로 따뜻한 듯하다가도 돌연 찬 바람이 불길 반복하는 게 2월 말, 3월 초의 일반적인 날씨니까요. 그렇기 때문에 이 계절에는 레이어링이 필요합니다. 셔츠 위에 후드 티를 입고, 재킷을 걸칠 수 있겠죠. 바지를 덮을 만큼 긴 셔츠 위로 봄버를 덧입는 것도 방법입니다. 하지만 같은 색, 같은 패턴, 같은 소재 레이어만 더하는 것은 다소 심심하죠.
남성복과 꾸뛰르 위크가 열린 파리와 코펜하겐 길거리에선 유독 1990년대 감성의 체크무늬가 눈에 띄었습니다. 플란넬 체크 셔츠에 찢어진 청바지를 입은 패션계 인사들을 보니 30년 전으로 돌아간 것 같았죠. 자유분방하면서도 편안하던 그 시절 분위기가 떠오르니 더 매혹적으로 느껴졌고요. 그래서일까요, 요즘 체크무늬가 예뻐 보입니다.
보테가 베네타 쇼이후 지난 몇 년간 런웨이에 체크무늬가 모습을 드러내기 시작했습니다. 특히 2025 봄/여름 컬렉션에서 두드러지게 눈에 띄었죠. 아크네 스튜디오, 버버리, 타미 힐피거를 비롯해  보테가 베네타는 여러 색상과 패턴의 셔츠와 바지를 선보였습니다. 다른 패턴의 체크무늬 상하의를 매치하거나, 재킷 위로 셔츠를 걸치는 방식으로요. 찢어진 청바지 위에 플란넬 체크무늬 셔츠를 입는, 1990년대 감성의 ‘그런지 룩’이 2025년에는 좀 더 경쾌한 무드로 진화한 셈입니다.
그래서인지 과거처럼 영국 길거리에도 펑키한 타탄 무늬가 자연스럽게 자리를 잡았고, 패션 위크가 열린 지난가을 뉴욕에서는 한 블록을 지날 때마다 체크를 입은 이들을 만날 정도였죠. 보통 우리는 체크무늬 옷이라고 하면 캐주얼한 스타일링을 떠올리지만, 반드시 그런 건 아닙니다. 발랄하고, 장난기 가득해 보이는 체크무늬가 오히려 격식 있는 자리에 더 잘 어울릴지도 몰라요. 긴 스커트나 블레이저와 함께한다면 말이죠. 또는 그런지 패션의 조상님, 커트 코베인이 그랬듯 최대한 헐렁하고 편안하게 스타일링할 수도 있겠고요. 올봄, 어떤 체크무늬를 선택하시겠어요?",https://www.vogue.co.kr/2025/02/28/1990%eb%85%84%eb%8c%80-%ea%b0%90%ec%84%b1%ec%9d%98-%ec%9d%b4-%ed%8c%a8%ed%84%b4%ec%9d%b4-2025%eb%85%84-%eb%b4%84%ec%97%90-%eb%a7%9e%ec%b6%b0-%eb%8f%8c%ec%95%84%ec%99%94%ec%8a%b5%eb%8b%88%eb%8b%a4/
Vogue,2025-02-27,"올봄 못 이기는 척 입어보고픈, 스키니 진 조합 4","패션을 짓궂게 놀리는 걸 즐기는 이들이 있습니다. 매 시즌 등장하는 기상천외한 룩이나 패션 피플의 대담한 행보를 두고 신랄하게 비판하곤 하죠. 패션 위크가 한창인 지금도 어딘가에선 이런 이야기가 오가고 있을 겁니다.
서두가 길었군요. 본론으로 들어가겠습니다. 지난 1년간 이들뿐 아니라 패션 피플마저 분노케 한 트렌드를 꼽으라면 단연스키니 진입니다. 스키니 진이 군림하던 2000년대를 지나 이제야 겨우 다리에 피가 통하기 시작했건만, 이렇게나 빨리 돌아오다니요! 런웨이에서 대대적인 귀환이 있기 전까지 우리에게 남은 건 데님과 레깅스를 합친, ‘제깅(Jegging)’뿐이었는데 말이에요.
무조건 배척하기 전에 잘 생각해봅시다. 트렌드는 법이 아닙니다. 내가 좋아하고 내게 잘 어울리는 실루엣을 입는 게 중요하죠. 제 말은, 그렇게 야박하게 굴 이유가 없다는 겁니다. 부담 가질 필요도 없고요. 저는 다양한 상황에 맞는 청바지를 여러 벌 보유하고 있습니다. 하이 웨이스트 스트레이트 진은 비즈니스 캐주얼을 연출할 때 유용하고, 로우 라이즈 스타일의 헐렁한 청바지는예쁜 상의와 함께 입기에 적합하죠. 모든 종류의 청바지에는 저마다의 역할과 맞는 장소가 있습니다.
스키니 진의 종류도 다양해졌습니다. 조금만 너그러워진다면 한 번쯤 도전해보고픈 모델을 발견할지도 모르죠. 청바지에 대한 경험치도 높아진 만큼 선택도 예전에 비해 훨씬 수월할 테고요. 저는 스타킹처럼 꽉 조이는 핏보다는 스트레이트 진의 경계를 오가는, 슬림 진을 즐겨 입습니다. 전형적인 스키니 진을 입을 땐 하이 웨이스트를 고집하는 편이고요. 스타일링은 (이번 시즌 패션 위크 어디서나 보이던)롱부츠와 오버사이즈 재킷이 전부입니다.
이번 시즌 시도하면 좋을 스키니 진을 조합해봤습니다. 스키니 진을 염두에 두지 않던 이들도 혹할 만한 스트리트 룩도 함께 가져왔죠. 그러니 편견은 내려두고 편한 마음으로 다시 입어보는 건 어떨까요? 의외로 잘 맞을지도 모릅니다. 아무리 생각해도 아니라면 아닌 거고요.",https://www.vogue.co.kr/2025/02/27/%ec%98%ac%eb%b4%84-%eb%aa%bb-%ec%9d%b4%ea%b8%b0%eb%8a%94-%ec%b2%99-%ec%9e%85%ec%96%b4%eb%b3%b4%ea%b3%a0%ed%94%88-%ec%8a%a4%ed%82%a4%eb%8b%88-%ec%a7%84-%ec%a1%b0%ed%95%a9-4/
Vogue,2025-02-26,"2025년 봄, 성공적인 스타일링 완성할 블레이저 3","완벽한 핏의 블레이저만큼 시대를 초월해 사랑받는 패션 아이템이 있을까요? 계절과 유행을 넘어 언제 어디서나 찾아볼 수 있는 이유가 있습니다. 격식을 차려야 하는 사무실이든, 가족과의 휴일 나들이든, 친구들과 보내는 주말 저녁이든, 입고 나갔을 때 어색함이 없죠. 물론 블레이저의 장점이 어떤 장소에나 잘 어울린다는 데서 그치진 않습니다. 빈티지한 블레이저와 모던한 라인의 블레이저 모두 자연스럽게 세련된 느낌을 내죠.
2025 봄/여름 런웨이에서 주목할 만한 점은1980년대 스타일의 블레이저를 재해석했다는 것입니다. 블레이저는 이제 더 이상 ‘사무실용 재킷’이 아니죠. 여성의 우아함과 힘을 보여주는 패션 아이템에 더 가까울 겁니다. 기능성과 심미성의 균형을 유지하며 여성 패션의 진화에 핵심 역할을 해왔으니까요. 모든 이너와 팬츠를 돋보이게 하는 건 덤이고요.
누구나 입지만, 아무나 만들 수 없는 블레이저계에 새로운 인물이 등장했습니다. 파워 숄더를 사랑하는에밀리 라타이코프스키입니다. 그녀가 이탈리아 패션 브랜드 마렐라(Marella)와 손잡고 블레이저 트렌드에 새로운 비전을 제시했습니다. 이들은 2025 봄/여름 컬렉션을 통해 블레이저의 클래식한 아름다움을 다시 정의했죠. 우아하고 고급스러운 소재에 현대적인 디테일을 반영한 부분이 눈에 띕니다. 이를 참고해 올봄 훌륭한 스타일링을 완성할 세 가지 블레이저를 골라봤습니다.
평생 단 한 벌의 블레이저만 구입할 수 있다면, 많은 패셔니스타가 가죽 블레이저를 택할 겁니다. 잘 선택한 가죽 블레이저는 평생 우리 옷장에 자리할 수 있는 흔치 않은 아이템이니까요. 시간이 지날수록 세월의 흔적을 간직해 나만의 특별한 블레이저로 길들일 수도 있고요. 올봄엔 그런 인생 블레이저를 만나보는 건 어떨까요? 별다른 장식 없이 심플한 디자인과 허리에 묶은 벨트로 잡아준 깔끔한 라인이 유행을 타지 않는 우아함을 선사할 거예요.

통 넓은 청바지가 하의 트렌드를 주도했다면, 아우터웨어 트렌드는 라운드 실루엣 블레이저가 주도합니다. 우아한 실루엣으로 클래식한 블레이저의 본질을 잃지 않으면서, 넉넉한 핏이 현대적인 느낌을 더하죠. 어떻게 매치할지 모르겠다고요? 중요한 것은 밸런스입니다. 스트레이트 팬츠나 타이트한 스커트와 함께 입으면 개성 있으면서도 조화로운 스타일링이 완성되죠.

데님은 어떤 의상에도 완벽하게 어울리는 소재입니다. 2025년, 데님은 블레이저의 모습으로 우리를 찾아왔습니다. 높은 활동성에 캐주얼한 느낌을 더하죠. 산뜻하면서도 자연스러운 스타일링에는 밝고 빛바랜 컬러의 블레이저가 도움이 될 겁니다. 하얀 블라우스와 플리츠 팬츠로 간편함을 한 스푼 더한 오피스 룩을 연출해도, 데님 쇼츠와 함께 발랄한 무드를 보여줘도 좋겠죠.

위에서 소개한 세 가지 블레이저는 매치하는 의상에 따라 캐주얼하게도, 격식 있게도 보입니다. 언제나 완벽한 스타일링을 유지하고 싶다면 절대 없어서는 안 될 아이템이죠. 올봄, 옷장에 어떤 블레이저를 들이고 싶나요?",https://www.vogue.co.kr/2025/02/26/2025%eb%85%84-%eb%b4%84-%ec%84%b1%ea%b3%b5%ec%a0%81%ec%9d%b8-%ec%8a%a4%ed%83%80%ec%9d%bc%eb%a7%81-%ec%99%84%ec%84%b1%ed%95%a0-%eb%b8%94%eb%a0%88%ec%9d%b4%ec%a0%80-3/
Vogue,2025-02-26,"예쁜 상의의 기준이 될, 2025 민소매 톱 트렌드","배꼽이 훤히 드러나는 탱크 톱이나 화려한 장식의 스트래피 블라우스가 없는 2000년대 패션을 상상해봤습니다. 하품이 나올 정도로 지루하더군요. 올해도 그럴 겁니다. 다가올 봄과 여름의 멋은 우리가‘외출용 상의’라 일컫는 예쁜 상의에 달렸죠. 그중에서도 민소매의 활약이 대단할 겁니다. 그때처럼요.
그 시절 거리에서 민소매 톱을 마주칠 확률은 로우 라이즈 데님이나 스키니 진을 볼 확률과 비슷했습니다. 지천에 널려 있었다는 뜻이지요. 영화 <트랜스포머>의 메간 폭스, <퀸카로 살아남는 법>의 레이첼 맥아담스, 브리트니 스피어스와 패리스 힐튼의 룩은 교과서나 다름없었고요.
2025년 버전은 어떨까요? 2025 봄/여름 런웨이에서 가장 핵심적인 룩 다섯 벌을 골랐습니다. 모두 화려하면서도 간편해 보였지요. 데일리는 물론 파티까지 거뜬한 디자인이었습니다. 스타일링 팁을 얻기도 좋고요. 찬찬히 살펴보세요. 올 봄과 여름, 우리의 외출을 책임질 친구들입니다.
‘외출용 상의’란 정확히 뭘까요? 명쾌하게 정의 내릴 순 없지만 그 시절을 지나온 이라면 누구나 동의할 수 있는 몇 가지 특징이 있습니다. 그중 하나가 바로 ‘장식’이죠. 스팽글, 깃털, 시스루 소재 등 각종 디테일의 상의요! 청바지 한 벌만 입어줘도 근사할 겁니다. 코페르니의 룩처럼요.


미우미우는 수영복을 톱으로 삼았습니다. 현실에서는 스트래피 블라우스로 대체할 수 있겠지요. 이때 유심히 챙겨 봐야 할 디테일은 컷아웃입니다. 쇄골 라인이 훤히 드러나는 스타일도, 옆구리나 가슴 부근을 도려낸 디자인도 좋습니다. 대담할수록 멋이 살죠. 장식 하나 없이 세련된 실루엣을 연출할 수 있는 방법입니다.


보헤미안 시크가 빠질 수 없죠. 2000년대 멋을 상기하기도 좋고요. 얇은 소재, 레이스와 러플로 장식된 로맨틱한 블라우스를 선택해보세요. 스팽글 톱이 부담스러운 이들에게 명쾌한 대안이 될 겁니다.


크롭트 톱은 2000년대 패션을 정의하는 상의 중 하나입니다. 당시에는 미니스커트와 함께 밤 외출을 책임지던 아이템이지요. 2025년엔 좀 더 어른스럽게 즐겨봅시다. 빅토리아 베컴이 보여준 것처럼 드레시한 팬츠를 곁들여 우아함을 노려보는 겁니다.


아티코는 메탈릭 톱과 스포티한 팬츠를 짝지었습니다. 그 시절 크리스티나 아길레라가 떠오르는 실루엣이죠. 깔끔한 탱크 톱 디자인이어도 문제없어요. 번쩍이는 광택만으로 이미 충분하거든요.",https://www.vogue.co.kr/2025/02/26/%ec%98%88%ec%81%9c-%ec%83%81%ec%9d%98%ec%9d%98-%ea%b8%b0%ec%a4%80%ec%9d%b4-%eb%90%a0-2025-%eb%af%bc%ec%86%8c%eb%a7%a4-%ed%86%b1-%ed%8a%b8%eb%a0%8c%eb%93%9c/
Vogue,2025-02-25,"반바지에 흰 운동화, 올봄에 입고 싶은 나긋한 룩!","에어로빅 스타일이 유행할 전망입니다. 다행히도1980년대의 강렬한 피트니스 스타일은 아닙니다.
로스앤젤레스 거리에서 포착된 벨라 하디드를 보세요. 한동안 웨스턴 스타일에 푹 빠져 있던 그녀가 스포티하면서도 청순한 에어로빅 룩이 무엇인지 보여주겠다고 나섰죠. 완벽했고요.
흰색 탱크 톱에 흰색 도트 무늬 사이클 반바지를 매치했는데, 리본 덕분에 귀여움이 더해졌습니다. 여기에 목이 긴 양말을 루스 삭스처럼 신고 흰색 코치 운동화를 매치했죠. 거기에 몸만큼 큰 블랙 생 로랑 Y 백과 동그란 선글라스로 시크함을 가미해 자연스러우면서도 세련된 봄 룩을 완성했습니다.
격식 있는 룩에 잘 어울리는 액세서리를 귀여우면서도 스포티한 스타일에 매치하니 밸런스가 맞으면서 오히려 스타일리시해졌죠.
만약 그녀처럼 엉덩이나 허벅지를 드러내기 꺼려진다면 박시한 흰 티셔츠에 매치해도 비슷한 효과를 얻을 수 있습니다. 어떤 프린트가 들어가느냐에 따라 무드가 조금씩 달라질 테고요. 다가올 봄, 나긋하고 산뜻한 에어로빅 스타일을 즐겨보세요!",https://www.vogue.co.kr/2025/02/25/%eb%b0%98%eb%b0%94%ec%a7%80%ec%97%90-%ed%9d%b0-%ec%9a%b4%eb%8f%99%ed%99%94-%ec%98%ac%eb%b4%84%ec%97%90-%ec%9e%85%ea%b3%a0-%ec%8b%b6%ec%9d%80-%eb%82%98%ea%b8%8b%ed%95%9c-%eb%a3%a9/
Vogue,2025-02-25,"낮을수록 치명적인, 올봄 스커트 스타일링","관능은 옷을 벗었을 때가 아니라 입었을 때 발현됩니다. 중요한 건 노출이 아니라 노출 방식이고요.로우 라이즈 스타일이 극명한 호불호에도 여전히 건재한 이유입니다. 골반, 그러니까 상체와 하체의 경계에 걸친 아슬아슬한 실루엣이 묘한 긴장감을 자아내죠.
로우 라이즈 스커트의 힘을 새삼스레 깨달은 건 샤넬 2025 봄/여름 런웨이에 오른 하늘색 트위드 수트를 마주했을 때였습니다. 단정하다 못해 때로는 올드하다는 평을 받던 트위드 수트가 이토록 장난스럽고 발칙한 매력을 풍길 줄은 몰랐죠. 맥퀸과 아크네 스튜디오의 셋업에서도 비슷한 종류의 멋을 느꼈습니다.
로우 라이즈 스타일의 부활을 앞장서서 이끈 미우미우도 어김없이 로우 라이즈 스커트를 무대에 올렸습니다. 특히 수영복에 플리츠 스커트를 매치한 룩은 조합하는 재미까지 톡톡했죠. 하네스 벨트에 매달린 프라다의 스커트는 또 어떻고요. 베르사체의 룩은 섹시보다 페미닌하다는 표현이 더 잘 어울렸습니다. 단순한 구성, 생생한 컬러와 패턴으로 세련된 실루엣을 연출했죠.
로우 라이즈 스커트는 몸을 불편하게 조이지 않습니다. 보디라인을 있는 그대로 강조하죠. 한껏 내려 입은 실루엣은 어색할 순 있어도 인위적이진 않습니다. 로우 라이즈 팬츠에 비해 난도가 낮다는 점도 한몫합니다. 짧은 밑위길이에서 느껴지는 불편함이 없으니까요. 스커트의 유동성은 이 라인을 더욱 자연스럽고 매력적으로 보이게 할 테고요.
어렵게 생각할 필요 없습니다. 집에 있는 니트, 슬립 스커트를 평소보다 조금만 더 내려 입어보세요. 슬릿 스커트나 미니스커트와는 완전히 다른 관능미를 마주하게 될 겁니다. 때로는 오프숄더보다 한쪽 어깨가 흘러내린 오버사이즈 니트가 더 매력적인 것처럼요.",https://www.vogue.co.kr/2025/02/25/%eb%82%ae%ec%9d%84%ec%88%98%eb%a1%9d-%ec%b9%98%eb%aa%85%ec%a0%81%ec%9d%b8-%ec%98%ac%eb%b4%84-%ec%8a%a4%ec%bb%a4%ed%8a%b8-%ec%8a%a4%ed%83%80%ec%9d%bc%eb%a7%81/
W Korea,2025-03-12,"멋 내고 싶지만, 티 내고 싶지는 않을 때, '이 스커트' 입으세요","바쁜 아침, 스타일링을 쉽게 만들어주는 아이템? 대충 입어도 멋있는 회색 스커트 추천이요.
스커트 하나만으로 다양한 스타일을 연출할 수 있다면? 그 답은 회색 스커트에 있습니다. 블랙처럼 강렬하지 않으면서 적당한 무게감을 가지고 있고, 화이트처럼 부담스럽지 않으면서도 은근한 세련미가 느껴지는 컬러. 결국 힘을 빼고 싶을 때도, 조금은 공들인 듯 보이고 싶을 때도, 가장 안정적인 선택이 되는 아이템이라는 말이죠.
회색 스커트가 주는 은은한 멋은 컬러감에만 국한되지는 않습니다. 실루엣에 따라 분위기는 달라져요. A라인은 단정하면서 자연스럽게 여성스러움을 더해주고, 플리츠는 움직임이 만들어내는 우아함이 있죠. H라인은 날렵하고 도시적인 분위기를 자아내지만, 소재에 따라 한층 부드러워지기도 합니다. 중요한 것은 어떤 실루엣을 선택하든 회색이라는 색감이 과하거나 촌스럽지 않게 정제된 분위기를 완성한다는 점이에요.
회색 스커트를 제대로 활용하는 핵심은 스타일링에 있습니다. 이 중립적인 컬러는 다양한 조합을 시도하기에 더없이 좋은 베이스이니까요. 루즈한 니트를 스커트에 가볍게 넣어 입으면 힘을 뺀 듯한 시크한 룩이 완성되고요. 재킷을 더하면 단숨에 모던한 분위기가 살아나죠. 관건은 회색 스커트가 본래 가지고 있는 유연함을 해치지 않는 것. 블랙 스커트가 룩을 확실하게 정리해준다면, 회색 스커트는 흐름을 자연스럽게 만들어주거든요. 꾸안꾸 스타일을 완성하는 데 있어 더할 나위 없는 아이템임이 확실하네요.
회색 스커트의 분위기는 신발로도 확연히 달라집니다. 같은 룩이라도 슈즈의 디자인에 따라 전혀 다른 인상을 주죠. 톤온톤으로 맞춘 룩에 컬러감 있는 슈즈를 더하면 한층 트렌디한 느낌이, 클래식한 무드를 원한다면 로퍼나 메리제인과 매치하는 게 정답이에요. 날렵한 부츠를 신으면 조금 더 도회적인 느낌이 들고, 청키한 스니커즈를 더하면 예상치 못한 믹스매치의 재미를 얻을 수 있을 겁니다.
결국 회색 스커트의 가장 큰 힘은 어디에나 두루 스며든다는 점이에요. 덕분에 어떤 스타일을 시도하든 부담 없이 손이 가게 되는 아이템이기도 하죠. 올봄, 만약 단 하나의 스커트를 고른다면, 그것이 회색이어야 하는 이유는 충분하지 않을까요?",https://www.wkorea.com/2025/03/12/%eb%a9%8b-%eb%82%b4%ea%b3%a0-%ec%8b%b6%ec%a7%80%eb%a7%8c-%ed%8b%b0-%eb%82%b4%ea%b3%a0-%ec%8b%b6%ec%a7%80%eb%8a%94-%ec%95%8a%ec%9d%84-%eb%95%8c-%ec%9d%b4-%ec%8a%a4%ec%bb%a4%ed%8a%b8-%ec%9e%85/
W Korea,2025-03-12,베컴가 막내 아들 크루즈와 10살 연상 여친의 커플룩,"엄마 빅토리아의 새로운 컬렉션을 위해 베컴가 식구들이 총출동했습니다. 장성한 아들들과 여자친구들도 그 자리에 함께 했죠. 그 중에서도 삼남 중 막내인 크루즈 베컴의 힙한 패션과 그의 10살 연상 여자친구, 뮤지션 재키 아포스텔의 커플 룩이 예사롭지 않았어요. 봄이라 그런가요, 이들의 모습을 보기만해도 설렙니다.
영국에서 파리에 도착한 첫날, 커플은 두 손을 꼭 잡은 채 호텔에 도착했어요. 어두운 밤을 빛내는 건 이들이 각자 착용한 컬러풀한 아이템 덕분입니다. 재키 아포스텔은 블랙 레더 봄버 재킷에 일자 청바지를 입고 여기에 샛노란 장갑으로 포인트를 줬어요. 크루즈 베컴은 힙합 스타일의 배기 팬츠에 빈티지 티셔츠를 입고 새빨간 스웻셔츠를 어깨에 매 주었네요.
이들의 컬러 플레이는 계속됩니다. 비비드한 주황색의 니트 톱을 입은 크루즈는 블랙 배기 팬츠를 입고 클래식한 로퍼를 신었어요. 그 안에 신은 오렌지 양말이 슬쩍 시선을 사로잡네요. 재키는 색깔별로 장갑을 구비하고 있는 걸까요? 노란색에 이어 이번에 빨간 레더 장갑을 착용하고 레드 펌프스와 컬러 매칭을 선보였습니다. 빈티지 퍼 재킷에 까만 스타킹을 신어 관능미를 드러냈죠.
빅토리아 베컴의 2025 F/W 컬렉션에 참석하기 위해 크루즈와 재키는 각자 매력적이고 포멀한 슬립 드레스와 핀 스트라이프 수트를 선택했어요. 섹시한 오픈 백 디자인의 롱 슬립 드레스를 입고 블랙 슈즈와 클러치 백을 든 재키 아포스텔. 크루즈 베컴은 레트로 풍의 플레어 팬츠와 더블 브레스트 버튼의 재킷 수트의 올드 뮤지션 스타일로 여자친구를 에스코트했습니다.
앞서 재키는 파워풀한 매니시 룩으로 누나의 카리스마를 보여주기도 했는데요, 핀 스트라이프의 더블 브레스트 수트를 입고 화이트 셔츠와 블랙 타이까지 야무지개 착용한 모습이 인상적이었어요. 반면 크루즈는 화이트 티셔츠에 레더 재킷과 배기 팬츠를 입고 20살, 갓 청년이 된 풋풋함을 드러내기도 했죠.",https://www.wkorea.com/2025/03/12/20%ec%82%b4-%eb%a7%89%eb%82%b4-%ec%95%84%eb%93%a4-%ed%81%ac%eb%a3%a8%ec%a6%88-%eb%b2%a0%ec%bb%b4%ea%b3%bc-10%ec%82%b4-%ec%97%b0%ec%83%81-%ec%97%ac%ec%b9%9c%ec%9d%98-%ec%bb%a4%ed%94%8c%eb%a3%a9/
W Korea,2025-03-12,차세대 사복 천재의 등장! 베이비 몬스터 아사의 데일리 룩,"‘인간 핀터레스트’ 베이비 몬스터 아사가 옷 입는 법
차세대 사복 천재가 등장했습니다. 센스 넘치는 스타일링으로 주목받고 있는 베이비 몬스터 아사인데요. 매번 완벽한 룩을 선보이는 그녀. 사랑스러운 레이어드 룩부터 힙한 펑크 룩까지 소화하는 아사의 데일리 룩을 모았습니다.
Y2K 감성이 물씬 풍기는 아사의 OOTD. 올 블랙 룩에 스트라이프 숏츠와 뉴스보이 캡을 더해 빈티지한 무드를 완성했는데요. 청청 패션에는 하트 컷아웃 톱으로 위트를 더하고, 블랙 프레임 안경으로 마무리해 시크함까지 챙겼습니다.
래퍼가 이렇게 러블리해도 되는 건가요? 플리츠 스커트, 니트 드레스 등 미니멀한 아이템들로 소녀감성 룩을 완성했어요. 여기에 메리제인 구두와 레이스 삭스를 더하니 로맨틱한 무드가 배가됐죠.
심플한 티셔츠도 레이어드를 거치면 한층 감각적인 룩으로 변신할 수 있죠. 아사만의 스타일링 공식은 몸에 딱 맞는 톱을 레이어드해 슬림하고 여성스러운 실루엣을 강조하는 것. 플라워, 스트라이프 패턴 같은 아이템을 더하면 그 효과는 더욱 배가되죠.
화려한 펑크 & 그런지 룩도 완벽하게 소화하는 아사. 레더 재킷에 미니 스커트, 여기에 호피 패턴 톱과 아가일 체크 스타킹으로 힙한 분위기를 살렸습니다.
무채색 룩을 골랐다면, 단조로움을 깨울 한 끗 포인트가 필요하죠. 아사는 도트 무늬 백으로 경쾌한 리듬을 더했어요. 덕분에 모노톤 스타일도 밋밋하지 않고, 통통 튀어 보이는군요.
What’s New
2025.03.07by 서명희",https://www.wkorea.com/2025/03/12/%ec%b0%a8%ec%84%b8%eb%8c%80-%ec%82%ac%eb%b3%b5-%ec%b2%9c%ec%9e%ac%ec%9d%98-%eb%93%b1%ec%9e%a5-%eb%b2%a0%ec%9d%b4%eb%b9%84-%eb%aa%ac%ec%8a%a4%ed%84%b0-%ec%95%84%ec%82%ac%ec%9d%98-%eb%8d%b0%ec%9d%bc/
W Korea,2025-03-12,따라 사고 싶은 셀럽들의 여행 룩 필수 아우터,"여행지에서 입는 블랙 레더 재킷의 맛
이번 패션 위크에선 간절기의 선선한 기온을 즐길 수 있었습니다. 적당히 낮은 온도와 기분 좋은 바람이 부는 날씨엔 레더 재킷 만한 패션 아이템이 없죠. 셀럽들도 패션 위크, 콘서트 등 여러 이유로 방문한 해외에서 레더 재킷을 활용한 다양한 스타일링을 선보였어요.
카리나는 레더 소재로 온 몸을 무장했습니다. 그는 레더 재킷에 레더 재킷을 하나 더 겹쳐 입는 독특한 패션을 선보였죠. 이는 프라다의 25SS 컬렉션 스타일링이었는데요. 엘로우 슈즈로 포인트를 준 모델과 달리 카리나는 블랙 힐로 전체적인 색감을 통일했군요.
그는 레더 재킷을 활용한 룩으로 밀라노를 돌아다니며 다양한 사진을 남기기도 했습니다. 볼캡과 셔츠 등 가장 기본적인 아이템을 센스 있게 매치해 일상에서도 따라하기 좋은 스타일을 완성했죠.
꽃샘추위에 참고하기 좋은 스타일링입니다. 코가 시큰해지는 낮은 온도엔 로제처럼 레더 재킷 위에 코트를 걸칠 것! 블랙 레더 재킷, 카멜 코트의 소재와 컬러 대비가 인상적입니다. 여행지에서 근사한 디너가 예정되어 있을 때 참고하기 좋은 고급스러운 믹스 앤 매치 룩이죠.
키스오브라이프 하늘은 레더 재킷을 영하게 활용한 모습이에요. 심플한 레더 재킷에 매치한 니삭스와 베레모 등의 아이템이 룩에 프레피 무드를 더합니다.
이 자매의 옷장이 궁금해지는 순간이죠. 파리 패션위크를 누비고 있는 지지와 벨라는 이번 시즌, 유독 레더 재킷을 입은 파파라치 컷이 많이 포착되었습니다. 이들은 오버사이즈 재킷으로 벌키한 실루엣을 연출하고, 모노톤 컬러로 세련된 패션을 완성했죠. 올해는 ‘레더 온 레더’ 패션이 유행할 전망인가봅니다. 지지와 벨라는 공통적으로 레더 팬츠를 픽했어요. 은은한 광택이 우아하고 멋스럽죠.",https://www.wkorea.com/2025/03/12/%eb%94%b0%eb%9d%bc-%ec%82%ac%ea%b3%a0-%ec%8b%b6%ec%9d%80-%ec%85%80%eb%9f%bd%eb%93%a4%ec%9d%98-%ec%97%ac%ed%96%89-%eb%a3%a9-%ed%95%84%ec%88%98-%ec%95%84%ec%9a%b0%ed%84%b0/
W Korea,2025-03-12,"올봄, 패션만큼은 한껏 반항적이어도 괜찮습니다","‘찢청’이 돌아왔다고?
와이드 팬츠부터 스키니 진까지, 청바지 실루엣의 유행은 해마다 바뀌지만 그와는 다른 길을 걷는 청바지가 있습니다. 일명 ‘찢청’이라 불리는 디스트로이드 진은 찢기고 헤진 디테일로 남다른 존재감을 드러내죠. 이번 시즌 다시 활개를 편 디스트로이드 진을 제대로 즐기고 싶다면 멋 좀 아는 인플루언서들의 찢청 룩을 참고해 보세요.
무릎만 찢어진 디스트로이드 진은 은근한 반항미가 매력 포인트죠. 과하지 않은 컷아웃 덕분에 빈티지하면서도 시크한 무드를 연출할 수 있어요. 테일러드 재킷과 매치하면 쿨한 출근 룩이, 보헤미안 무드의 롱 카디건과 함께하면 감성적인 휴양지 룩이 완성됩니다.
남자친구 옷장에서 꺼낸 듯한 넉넉한 오버사이즈 실루엣의 디스트로이드 진. 스트릿 무드엔 이만한 게 없죠. 밝은 컬러나 패턴이 돋보이는 톱과 찰떡 궁합이에요. 슈즈는 아웃도어 무드의 워크 부츠로 마무리하면 보이시한 매력도 제대로 살릴 수 있답니다.
어디에, 얼마나 찢어졌는가에 따라 디스트로이드 진의 분위기도 천차만별. 극단적인 헤짐이 강조된 디자인은 강렬한 존재감을 발산합니다. 루즈한 화이트 티셔츠로 힘을 빼고, 볼드한 액세서리로 엣지를 살렸어요.
반전 매력을 극대화하고 싶다면 상반된 스타일을 조합해보는 것도 방법입니다. 메탈 아일렛 디테일이 더해진 디스트로이드 진에 스포티한 스트라이프 폴로 셔츠를 매치해 색다른 텐션을 연출했어요. 예상 밖의 조합이지만 그래서 더 쿨하게 느껴지죠. 거친 듯하지만 세련된 록 시크 무드에 은근한 카리스마까지 더해졌어요.",https://www.wkorea.com/2025/03/12/%ec%b0%a2%ec%b2%ad%ec%9d%b4-%eb%8f%8c%ec%95%84%ec%99%94%eb%8b%a4%ea%b3%a0/
W Korea,2025-03-12,4대 패션위크를 제패한 K-팝 아이돌 파워,"K-팝 아이돌의 컬렉션 아웃핏 체크
월드 스타는 더 이상 바다 건너 먼 나라 이야기가 아닙니다. 내로라하는 하우스 브랜드들은 앞다퉈 K-팝 아이돌을 앰버서더로 발탁하며 날이 갈수록 그들의 위상이 높아지고 있기 때문이죠. 전 세계를 누비며 색다른 매력을 선보이는 K-팝 아이돌 군단의 2025 F/W 컬렉션 아웃핏을 체크 해 볼까요?

지난 27일 밀라노에서 열린 2025 F/W 프라다 쇼에서는 반가운 얼굴들이 보였습니다. 앰버서더로 활동 중인 에스파 카리나와 프라다 컬렉션에 처음으로 참석하게 된 미야오의 가원이 그 주인공이죠. 카리나는 로맨틱한 러플과 리본 타이가 인상적인 플로럴 드레스에 반묶음으로 연출한 헤어스타일까지 한껏 청순한 비주얼로 나타났습니다. 그에 반해 미야오 가원은 플라워 모티프의 브라 톱과 그녀의 늘씬한 몸매를 돋보이게 하는 레깅스 팬츠 차림으로 참석해 자리를 빛냈죠.

구찌의 엠버서더로 활동 중인 BTS의 진 역시 밀라노를 찾았습니다. 평소에도 깔끔한 스타일을 즐기는 그답게 미니멀한 레더 재킷에 셔츠와 타이로 멋을 낸 단정한 아웃핏을 선보였군요. 여유로운 애티튜드와는 달리 패션쇼 후 공개된 X 영상에는 “청심환이라도 먹고 올 걸 그랬다”라며 긴장하는 귀여운 모습을 보이기도 했습니다.

다음은 마돈나의 샷아웃을 받은 에이티즈의 산입니다. 이번 돌체앤가바나 쇼의 프런트 로를 장악한 것은 물론 마돈나가 주최한 애프터 파티에도 초대를 받았다고 하는데요. 잔뜩 풀어헤친 셔츠와 무테안경으로 섹시한 슈트 스타일링을 선보인 그는 여심을 저격하기 충분했죠.

이번엔 파리로 떠나볼까요? 디올 공주님 지수는 화이트 컬러의 코르셋 톱과 러플 디테일의 카디건 그리고 레이스업 부츠로 사랑스러운 믹스 매치 룩을 선보였는데요. 디올의 또 다른 엠버서더로 활동 중인 세븐틴 민규는 큰 키에 어울리는 롱 코트와 올블랙 슈트 차림 남다른 존재감을 드러냈어요.

키스 오브 라이프의 나띠는 꾸레쥬 쇼에 참석해 데님 소재의 크롭 톱과 컷 아웃 디테일의 팬츠로 섹시한 스타일링을 선보였습니다. 등장마저 예사롭지 않았던그녀는 존재감 강한 바이크를 타고 나타나 현장 분위기를 압도하기도 했죠. 에이티즈 우영 역시 쇼에 참석해 자리를 빛냈는데요. 과감히 상의는 생략하고 라이더 재킷만 걸친 모습이 인상적이네요.

이번 시즌엔 에이티즈의 활약이 대단합니다. 아시안 최초로 이자벨 마랑의 앰버서더가 된 에이티즈 성화는 아예 런웨이 위를 걸으며 K-팝 아이돌의 위상을 다시금 실감하게 해주었죠. 핏한 실루엣의 블랙 슈트와 독특한 랩 디테일의 시퀸 베스트를 완벽하게 소화하며 화려하게 피날레를 장식했군요.

발렌시아가의 엠버서더인 더보이즈 주연도 쇼 참석을 위해 파리로 떠났는데요. 슬릭하게 넘긴 헤어스타일, 반항미 넘치는 바이커 재킷과 팬츠… 과연 그보다 발렌시아가의 시크한 무드를 찰떡으로 소화해 내는 셀럽이 또 있을까요?
그야말로 K-팝 아이돌 대통합이라고 해도 과언이 아닌 미우미우 쇼! 큐티 섹시 카우걸로 변한 아이브 장원영부터 탄탄한 복근을 드러낸 톱과 뷔스티에 레이어드로 시선을 사로잡은 트와이스 모모는 등장하는 순간부터 사람들의 환호를 받았습니다. 톡톡 튀는 컬러 블록 플레이를 보여준 여자(아이들) 민니와 미우미우 쇼 첫 참석으로 화제를 모은 미야오의 엘라 그로스는 또 어떻고요. 어느덧 월드 와이드 패션의 중심에 선 K-팝 아이돌이 더욱 자랑스러워지는 순간입니다.
셀럽 패션
2025.03.11by 진정아",https://www.wkorea.com/2025/03/12/%ed%8c%a8%ec%85%98%ec%9c%84%ed%81%ac%eb%a5%bc-%ec%a0%9c%ed%8c%a8%ed%95%9c-k-pop-%ec%95%84%ec%9d%b4%eb%8f%8c%eb%93%a4/
W Korea,2025-03-11,이번 시즌 완벽한 봄 아우터로 등극한 등산용 재킷,"스포츠의 럭셔리화가 놀랍지 않은 요즘이지만 이번 시즌 또다시 스타일리시한 변신을 선보인 스포츠 아이템이 있어요. 바로 바람막이라 불리는 윈드브레이커 재킷입니다. 비와 바람을 막아 줄 기능은 물론 스타일리시한 에슬레저 룩을 위한 감각적인 컬러와 패턴까지 모두 갖추었죠. 화이트 드레스와도 트렌디한 조합을 이루는 이 똑똑한 스포츠 재킷, 봄 날씨에 이보다 더 완벽한 스프링 아우터가 또 있을까요!
미우치아 프라다 여사는 이 윈드브레이크 재킷에 다양한 역할을 부여했습니다. 마냥 스포티한 조합만 선보이지 않았죠. 프라다의 2025 S/S 컬렉션에서는 주얼리와 실버 시퀸 장식의 화려한 파티 드레스나 과장된 깃털 장식의 시스루 드레스 위에 형광 노란색과 주황색의 바람막이 재킷을 걸친 모델의 모습을 발견할 수 있어요. 마치 동네 산책이라도 나온 듯 썬 캡을 모티프로 한 독특한 헤드기어까지 더해진 룩은 그야말로 스포츠 재킷의 새로운 변신이 아닐 수 없습니다.
미우미우 컬렉션에서는 좀 더 실용적이고 캐주얼한 터치가 가미된 룩들을 선보였어요. 블루머 쇼츠에 슬리퍼를 신은 다소 스포티한 팬츠리스 룩부터 매니시한 팬츠, 그리고 화이트 드레스나 미디 스커트등의 소녀감성이 더해진 아이템들과의 조합이 신선했습니다.
컬러블록이 돋보이는 오버사이즈의 윈드브레이커 재킷과 봄의 상징과도 같은 화이트 스커트의 매칭은 올봄 이 스포티한 아우터의 무한한 가능성을 제시했습니다. 그야말로 이 재킷 하나만 있으면 그 어떤 룩에도 세련된 스타일링을 완성할 수 있겠어요.
가장 무난하게는 블랙 데님 팬츠와 그래픽 요소가 가미된 스포츠 재킷을 매치을 추천합니다. 재킷의 컬러와 패턴이 독특하고 화려할수록 더욱 눈에 띄죠.
컬러와 패턴이 부담스럽다면 시크한 그레이 혹은 블랙 윈드브레이커 재킷을 활용해도 좋아요. 심플한 일자 팬츠와 블랙 로퍼까지, 모노톤으로 미니멀한 룩을 연출할 수도 있어요.

미우미우의 엠버서더인 트와이스의 모모는 버건디 컬러의 라인이 돋보이는 재킷에 모던한 화이트 미니 스커트를 매치해 산뜻한 봄 기운을 발산했습니다. 올봄, 이처럼 다채로운 컬러와 스타일리시한 패턴이 가미된 바람막이 재킷으로 가볍고 세련된 스타일링을 완성해 보세요.",https://www.wkorea.com/2025/03/11/%ec%9d%b4%eb%b2%88-%ec%8b%9c%ec%a6%8c-%ec%99%84%eb%b2%bd%ed%95%9c-%eb%b4%84-%ec%95%84%ec%9a%b0%ed%84%b0%eb%a1%9c-%eb%93%b1%ea%b7%b9%ed%95%9c-%eb%93%b1%ec%82%b0%ec%9a%a9-%ec%9e%ac%ed%82%b7/
W Korea,2025-03-11,파리 IFM 석사 졸업쇼에 뜬 K-얼짱 감성,"2008 감성 리턴즈
프랑스 파리의 명문 패션 스쿨 IFM 석사 졸업쇼에서 K-하이틴 감성이 펼쳐졌습니다. 한글 명찰, 형형색색의 헤어핀, 그리고 플랫폼 힐로 재해석된 삼선 슬리퍼까지. 그 시절의 향수를 파리에서 불러 일으킨 사람은  한국 출신 디자이너 장연주. 그녀의 작품을 자세히 들여다볼까요?

2010년대 초반까지만 해도 학교에서는 두발 길이, 염색, 파마를 엄격히 규제하며 아침마다 교문 앞에서 두발 검사가 이루어지곤 했죠. 학생들에게 긴 생머리는 그림의 떡 같은 존재였고요. 찰랑거리는 헤어 피스와 별 모양 핀으로 꾸며진 패딩은 이러한 두발 규정을 유머러스하게 풀어낸 아이템입니다.
두발 규정을 재치 있게 풀어낸 디자인 요소들은 곳곳에서 발견됐습니다. 머리카락과 헤어핀을 패턴처럼 활용해 코트와 셔츠 장식으로 녹여 내기도 했죠.
교복 특유의 친숙한 실루엣도 이번 컬렉션의 하이라이트였죠. 블랙과 화이트를 중심으로 한 컬러 팔레트는 전형적인 한국식 교복을 연상케 했고요. ‘김얼짱’이라는 한글 이름이 적힌 빨간 명찰 역시 빠질 수 없는 귀여운 포인트였어요.
디자이너 장연주가 밝힌 이번 컬렉션의 주제는 ‘얼짱 – 안티 유니폼 클럽’. 정해진 규정 속에서도 자신만의 스타일을 지키려 했던 한국 여학생들의 얼짱 룩에서 영감을 받았다고 하는데요. 스커트를 과감하게 잘라 셔츠에 레이어드한 스타일링 역시 그 시절의 도전적인 감성을 제대로 살려냈습니다.
체육복 위에 트위드 재킷을 레이어드한 신선한 조합도 눈길을 사로잡았습니다. 이너로는 화이트 셔츠를 매치한 것 역시 인상적이었는데요. 마치 수업이 끝나자마자 셔츠 위에 체육복을 걸치고 운동장으로 달려나가던 그 시절 학생들을 떠올리게 했죠.
의상뿐만 아니라 액세서리에서도 창의적인 발상이 돋보입니다. 장연주 디자이너가 공개한 피팅 사진에서는 ‘국민 학생템’ 삼선 슬리퍼가 플랫폼 힐로 변신해 등장했어요. 백팩을 숄더백처럼 연출한 독특한 디자인도 흥미로웠습니다.",https://www.wkorea.com/2025/03/11/%ed%8c%8c%eb%a6%ac-ifm-%ec%84%9d%ec%82%ac-%ec%a1%b8%ec%97%85%ec%87%bc%ec%97%90-%eb%9c%ac-k-%ec%96%bc%ec%a7%b1-%ea%b0%90%ec%84%b1/
W Korea,2025-03-11,"지금 가장 핫한 20대, 마이키 매디슨에게서 발견한 스타일","아카데미 여우주연상을 거머쥔 25살 마이키 매디슨의 스타일
제97회 아카데미 시상식의 가장 큰 이변은 마이키 매디슨의 여우주연상 수상이 아닐까요. 유력한 수상 후보였던 <서브스턴스>의 데미 무어를 제치고 션 베이커 감독의 <아노라>로 첫 주연을 맡아 25세의 나이로 오스카 트로피를 거머쥐었습니다. 20대 배우가 여우주연상을 차지한 것은 2013년 <실버라이닝 플레이북>의 제니퍼 로렌스 이후 12년 만이며, 역대 9번째로 어린 나이에 수상한 대기록이기도 하죠. 이러한 그녀의 눈부신 커리어 뿐만 아니라 독보적인 패션 스타일 역시 화제를 모으고 있는데요. 올해 영화계와 패션계를 동시에 사로잡은 마이키 매디슨의 스타일이 더욱 궁금해지네요!
마이키 매디슨의 최애 아이템이죠. 바로 봄하면 빠질 수 없는 아이템, 트렌치코트! 더블브레스트 트렌치코트에 블랙 톱과 맥시 기장의 스커트를 매치해 클래식한 룩을 연출했죠. 여기에 깔끔한 포인티드 힐과 선글라스로 포인트를 줬고요. 마지막으로 벨트로 실루엣을 강조해 우아함과 여성스러움도 놓치지 않았습니다.
그리고 다른 날에는 싱글 버튼 트렌치코트로 캐주얼한 무드의 룩을 연출했는데요. 톤온톤 니트와 시폰 스커트를 활용한 내추럴한 스타일링은 따뜻한 바람이 부는 봄의 데일리 룩으로 참고하면 좋겠습니다.
시크한 블랙 아우터와 수트 셋업에 화이트 셔츠와 타이를 매치해 중성적인 매력을 뽐낸 마이키 매디슨. 여기에 그녀가 즐겨 착용하는 선글라스와 아찔한 하이힐까지 더하니 제대로 클래식한 룩이 탄생했습니다. 그녀보다 조금 더 웨어러블한 오피스 룩을 연출하고 싶다면 타이 대신 심플한 주얼리로, 화이트 셔츠 대신 티셔츠로 연출하는 것도 좋은 방법!
올봄, 옷장 속 하나쯤 가지고 있는 미니멀한 화이트 드레스에 두건과 선글라스만 더해보세요. 특히 1970년대 히피 스타일을 연상시키는 헤드 스카프는 클래식하면서도 트렌디한 분위기를 동시에 자아내죠. 심플한 아이템 조합만으로도 그녀 특유의 스타일 감각이 빛을 발한 순간! 올 시즌 그녀의 룩에서 힌트를 얻어 우아하면서도 개성 넘치는 스타일링을 시도해보는 건 어떨까요?
멀리서 봐도 시크한 아우라가 뚝뚝 묻어나는 마이키 매디슨. 올블랙 이너에 테일러드 핏 아우터를 어깨에 무심하게 걸친 룩은 세련된 무드를 완성합니다. 단순한 듯 보이지만, 컬러와 실루엣 그리고 핏의 완벽한 조화가 스타일리시한 감각을 극대화하죠. 여기에 반전 매력으로 귀여운 캐릭터 휴대폰 케이스를 더해 위트 있는 포인트까지! 시크함과 개성이 공존하는 스타일 아이콘다운 모습이네요.",https://www.wkorea.com/2025/03/11/%ec%a7%80%ea%b8%88-%ea%b0%80%ec%9e%a5-%ed%95%ab%ed%95%9c-20%eb%8c%80-%eb%a7%88%ec%9d%b4%ed%82%a4-%eb%a7%a4%eb%94%94%ec%8a%a8%ec%97%90%ea%b2%8c%ec%84%9c-%eb%b0%9c%ea%b2%ac%ed%95%9c-%ec%8a%a4%ed%83%80/
W Korea,2025-03-11,"제니, 지젤은 일부러 언더웨어를 노출한다","실수 아닙니다!

첫 정규 앨범을 발매하며 활발히 활동 중인 제니. 제니의 패션은 매번 화제가 되지만 이번 앨범에선 더욱 핫한 반응이 이어지고 있습니다. 제니는 그의 독보적인 음악 세계가 느껴지는 음악과 함께 강렬한 패션으로 눈과 귀를 모두 사로잡았죠. 특히 속옷을 노출하는 패션이 강렬합니다. 제니는 뮤비 속에서 속옷보다 짧은 톱으로 이너를 노출하거나, 키티가 그려진 브라 톱을 티셔츠 위에 착용해 유니크한 룩을 완성하기도 했어요. 패션의 완성은 애티튜드! 제니는 당당한 애티튜드로 독특한 룩을 완벽하게 소화했죠.
Y2K 트렌드가 잔뜩 느껴지는 그의 룩은 겹겹이 입은 것이 포인트! 레드 컬러로 무장한 제니는 비키니 톱을 이너로 레이어드하고, 로우라이즈 팬츠에 레드 이너 팬츠를 매치하는 등 센스있는 스타일링으로 관능적인 바이브를 더했습니다. 벨리 체인과 네크리스로 화려한 Y2K 전사가 되었죠.
제니의 이번 앨범에선 속옷이 키 아이템인 걸까요? 제니와 협업한 두아 리파도 레이스 속옷으로 과감한 패션을 선보였습니다. 올 화이트 룩의 두아리파는 파격적인 톱에 쉬어한 소재의 하의를 매치한 후 화려한 초커로 드레스 업한 모습입니다. 가터벨트와 힐로 섹시함은 2배가 되었네요.
언더웨어의 밴드를 노출하는 패션은 이미 한 가지 패션 공식으로 자리 잡은지 오래! 지젤은 흔한 밴드 속옷 대신 레이스 디테일의 언더웨어를 선택해 로맨틱한 룩을 연출했어요. 몽환적인 퍼플 컬러가 룩에 신선한 생기를 불어넣는군요.
올리비아 로드리고는 디테일이 돋보이는 브라톱을 노출했습니다. 레드 컬러 브라톱의 끈엔 강렬한 스터드 디테일이 새겨져 있는데요. 그의 볼드한 액세서리와 잘 어울리는 조합입니다.
최근 문가영은 단발 헤어로 이미지 변신에 성공했습니다. 기존의 우아한 이미지에서 보다 시크한 무드를 강조했죠. 시크한 올 블랙 룩으로 스타일링한 문가영은 가디건을 오픈해 속옷을 드러냈어요. 짧은 하의와 높은 힐을 매치해 톱과 톤앤 매너를 맞추었다고.",https://www.wkorea.com/2025/03/11/%ec%a0%9c%eb%8b%88-%ec%a7%80%ec%a0%a4%ec%9d%80-%ec%9d%bc%eb%b6%80%eb%9f%ac-%ec%96%b8%eb%8d%94%ec%9b%a8%ec%96%b4%eb%a5%bc-%eb%85%b8%ec%b6%9c%ed%95%9c%eb%8b%a4/
W Korea,2025-03-11,신발 고를 땐 디테일에 신경쓰세요,"앞코 하나만으로 분위기가 달라집니다
대부분 신발을 고를 때 굽이나 컬러만을 신경 씁니다. 하지만 진정한 스타일링의 완성은 앞코의 모양에서부터 시작된는 사실. 스퀘어토, 뾰족한 앞코, 라운드토까지 각기 다른 앞코가 만들어내는 무드는 생각보다 강렬하니까요. 신발만 잘 골라도 분위기가 확 바뀌는 경험, 분명 한 번쯤 해봤을 겁니다. 옷을 고를 때처럼 신발도 디테일에 신경 쓸 때입니다.

스틸레토의 매력은 바로 ‘어떤 룩에도 확실한 포인트가 된다’는 점입니다. 뾰족한 앞코가 주는 날카로움 덕에 미니멀한 룩에도 확실한 존재감을 발휘하죠. 목이 얇아 보이는 효과까지 있으니 일석이조. 다소 과해 보일 수 있는 와이드 팬츠나 롱 스커트에도 스틸레토 하나만 있으면 전체적인 균형이 맞춰지고요. 특히 레드 컬러의 스틸레토처럼 화려한 컬러가 더해지면 시선 강탈은 기본입니다. 캐주얼한 룩과의 궁합은 말할 것도 없죠. 캐주얼함을 스틸레토가 단번에 고급스럽게 끌어올려 주기 때문이랄까요? 약간의 페미닌함과 시크함을 동시에 잡아주는 특유의 곡선미 덕분에 다양한 스타일링이 가능합니다.





굽이 살짝 두터운 스퀘어토 로퍼는 중성적인 매력까지 겸비해, 어떤 하의를 매치해도 쉽게 스타일링이 완성됩니다. 반면, 슬릭한 스퀘어토는 스틸레토의 날렵함이 스며들어 있어 세련된 무드를 자아내요. 날카롭게 떨어지는 앞코 덕에 슬림한 슬랙스나 테일러드 수트와의 조합에서 빛을 발하죠. 여기에 광택이 도는 소재라면 더할 나위 없이 시크하고요. 테일러드 재킷이나 슬림한 팬츠와의 궁합은 물론, 스커트에 매치해도 그야말로 신의 한 수. 무엇보다 모노톤 스타일에 매치하면 원래부터 한 세트인 듯 착붙인다는 사실, 기억하세요.





라운드토는 그 자체로 친근함을 가지고 있습니다. 각이 진 스퀘어토나 뾰족한 스틸레토의 날카로움과는 다르게, 둥글게 마감된 앞코가 주는 부드러움은 어떤 스타일에도 쉽게 스며들죠. 특히 과하게 꾸민 티 나지 않으면서도 전체적인 룩을 한층 유연하게 만들어주고요. 브라운 코트에 블랙 라운드토 플랫을 매치한 첫 번째 룩처럼요. 다소 무겁게 느껴질 수 있는 블랙 스타일에 라운드토가 더해지니, 여유로움이 느껴지죠. 앞코의 곡선이 주는 여유로움, 재질에 따라 달라지는 분위기, 여기에 컬러만 살짝 변주해도 색다른 느낌이 드는 마법 같은 효과까지. 날렵한 스틸레토가 주는 날카로운 매력도 좋지만, 은근히 끌리는 건 라운드토가 가진 그 묘한 편안함과 우아함일지도 모릅니다.",https://www.wkorea.com/2025/03/11/%ec%95%9e%ec%9c%bc%eb%a1%9c%eb%8a%94-%ec%8b%a0%eb%b0%9c-%ec%95%9e%ec%bd%94%eb%a5%bc-%ec%8b%a0%ea%b2%bd%ec%8d%a8%ec%a3%bc%ec%84%b8%ec%9a%94/
W Korea,2025-03-11,여사친에서 여자친구로 바꿔줄 화이트데이 룩,"화이트데이 공략법
화이트데이가 다가옵니다. 소중한 마음을 주고받는 날, 그와의 설레는 순간을 기대하고 있다면 화이트 스커트에 주목하세요. 순백색 화이트 스커트 하나면 사탕만큼 달콤한 사랑을 듬뿍 받을 수 있을겁니다.
데이트 룩에 플리츠스커트를 빼놓을 수 없죠. 움직일 때마다 살랑거리는 플리츠스커트 특유의 실루엣은 누구라도 사랑스러워 보일 수밖에 없도록 만듭니다. 무릎이 살짝 드러나는 화이트 플리츠스커트에 컬러 스타킹이나 니삭스 등 발랄한 무드를 강조해 줄 액세서리를 더해 보세요. 블라우스, 니트 스웨터 등을 조합한다면 클래식한 듯 낭만적인 느낌까지 살아날 거예요.

셔링 디테일이 달려 있거나 티어드 스타일로 이루어진 화이트 스커트는 그야말로 ‘여친 룩’에 안성맞춤입니다. 유의할 점은 비슷한 분위기의 아이템들로 룩 전체를 스타일링했다간 머리부터 발끝까지 지나치게 소녀 감성에 심취한 듯 보일 수 있다는 것! 오버사이즈 셔츠나 니트 톱, 펑크 무드가 풍기는 블랙 부츠 등 적절한 믹스 매치로 변주를 시도하세요.

올 화이트 룩은 한층 세련된 분위기를 내기에 좋습니다. 스타일리시하면서 멋스러운 여성의 매력을 어필하고 싶다면 화이트 컬러 상의에 슬릿 디테일처럼 깔끔한 포인트 하나쯤 가미된 화이트 스커트를 골라 매치하세요. 조금 더 페미닌 무드를 살리고자 할 땐 보디 실루엣이 돋보일 수 있는 실크 또는 새틴 소재의 화이트 스커트를 조합하는 것도 추천할 만한 선택!",https://www.wkorea.com/2025/03/11/%ec%97%ac%ec%82%ac%ec%b9%9c%ec%97%90%ec%84%9c-%ec%97%ac%ec%9e%90%ec%b9%9c%ea%b5%ac%eb%a1%9c-%eb%b0%94%ea%bf%94%ec%a4%84-%ed%99%94%ec%9d%b4%ed%8a%b8%eb%8d%b0%ec%9d%b4-%eb%a3%a9/
W Korea,2025-03-11,헤쳐 모여! 파리로 총출동한 베컴 패밀리,"엄마 빅토리아 베컴의 패션쇼를 위해 파리로 모두 모인 베컴 패밀리
어디서 무얼 하든 주목받는 스타일리시한 가족인 베컴 패밀리가 빅토리아 베컴 쇼를 응원하기 위해 파리로 모두 모였습니다. 부쩍 성숙해진 하퍼와 여전히 곁에서 그녀는 지키는 아빠 데이비드, 그리고 각각 여자친구까지 대동하고 나선 로미오와 크루즈까지! 그야말로 든든한 지원군들이죠.
가장 먼저 파리에 도착한 데이비드 베컴과 하퍼. 후디 스웻셔츠와 루스한 데님팬츠를 입은 하퍼의 귀여운 모습이 눈에 띄네요.
해가 진 후 하퍼의 오빠들 역시 속속 파리에 도착했습니다. 며칠 전 밀란에서 열린 베르사체 쇼에서 당당하게 런웨이를 걸었던 둘째 로미오, 그리고 여자친구인 재키 아포스텔의 손을 꼭 잡은 채 등장한 막내 크루즈의 듬직한 자태 좀 보세요.
다음 날 아침, 이들 커플은 쇼가 시작되기 전 막간을 이용해 파리 시내 데이트에 나섰습니다. 모델 킴 턴불은 이제 더 이상 마돈나 아들의 여자친구가 아닌 로미오 베컴의 연인으로 익숙해진 모습이죠? 스타일리시한 옷차림으로 거리를 나선 크루즈 베컴과 재키 아포스텔은 서로 비슷한 듯 다른 시밀러 룩을 선보였습니다. 오렌지색 스웨터와 양말 색을 맞춘 크루즈도, 퍼 코트에 야구모자를 푹 눌러쓴 섹시한 재키도 패션에 진심인 건 확실하네요.
자, 이제 슬슬 엄마이자 아내인 빅토리아 베컴을 응원하러 가볼까요? 진한 브라운 컬러 실크 드레스에 동색의 클러치를 든 하퍼 베컴은 어느새 성숙한 여인이 된 듯합니다. 자연스러운 웨이브 헤어 역시 매우 아름답네요. 그 옆에서 호위무사처럼 그녀의 팔목을 잡고 걷는 데이비드 베컴 역시 여전한 자태를 뽐냈습니다.
한껏 드레스업한 로미오 & 킴 턴불 커플! 킴 턴불은 빅토리아 베컴의 2025 S/S 컬렉션 룩을 입고 등장했습니다. 화이트 미니스커트를 매치했던 런웨이와는 달리 테니퍼드 팬츠와 함께 매치해 힙하게 소화했네요.
마치 80년대 아이콘 커플의 모습을 보는 듯한 크루즈 & 재키 아포스텔. 빈티지한 느낌이 강한 머스터드 컬러 핀 스트라이프 슈트와 군더더기 없는 디자인의 네이비 실크 드레스의 조합이 아주 훌륭하군요.
쇼가 끝난 후 빅토리아 베컴은 소중한 순간들을 기억하기 위해 백스테이지 컷을 공유했습니다. 한데 모인 베컴 가족을 보니 새삼 이보다 스타일리시한 가족이 또 있을까 싶은데요. 데이비드 베컴은 백허그와 함께 가벼운 키스를 남기며 수고한 아내를 위해 다정한 인사를 건넸습니다.
이제 다시 일상으로 돌아가는 이들은 떠나는 날까지도 파파라치의 1순위 관심 대상이었는데요. 저마다 편한 옷차림으로 호텔을 나서는 모습에 시선이 절로 머무네요.",https://www.wkorea.com/2025/03/11/%ed%97%a4%ec%b3%90-%eb%aa%a8%ec%97%ac-%ed%8c%8c%eb%a6%ac%eb%a1%9c-%ec%b4%9d%ec%b6%9c%eb%8f%99%ed%95%9c-%eb%b2%a0%ec%bb%b4-%ed%8c%a8%eb%b0%80%eb%a6%ac/
WWD Korea,2025-03-11,패션계가 사랑하는 글로벌 아트 플레이스,"7월 21일까지 전시되는 루브르 박물관의 첫 패션 전시 'Louvre Couture: Art and Fashion — Statement Pieces'는 박물관이 강력한 영감의 원천이 될 수 있음을 보여준다. 최근 WWD Weekend는 유럽에서 열린 남성복 및 오뜨 꾸뛰르 쇼 현장에서 패션계 유명 디자이너들에게 가장 좋아하는 아트 플레이스에 대해 물었다. 글로벌 명소부터 디자니어의 숨은 보석 같은 공간까지 다채로운 장소들이 등장했던 인터뷰를 공개한다.

조르지오 아르마니
피나코테카 디 브레라
""피에르 마리니(Piermarini)가 설계한 브레라 궁전(Palazzo di Brera). 이곳에는 피나코테카 디 브레라(Pinacoteca di Brera)를 비롯해 식물원, 천문대, 미술 아카데미가 자리하고 있습니다. 이곳은 카라바조, 틴토레토, 라파엘로, 만테냐, 피에로 델라 프란체스카 등의 거장들이 남긴 명작과 함께, 하예즈의 상징적인 작품 ‘키스’가 전시된 공간이죠. 피나코테카와 그 예술적 유산은 밀라노에서 가장 인상적인 특징 중 하나인 귀족적 우아함과 대중적 매력이 조화를 이루는 지역과 맞닿아 있어요.""

디올,마리아 그라치아 치우리
로마 국립 현대 미술관
""가장 좋아하는 박물관은 로마에 있는 국립 현대 미술관(Galleria Nazionale d'Arte Moderna)이입니다. 학창 시절, 방과 후 그곳을 방문했던 기억이 있는데, 특히 박물관을 상징하는 관장이었던 팔마 부카렐리(Palma Bucarelli)의 존재감에 깊이 매료되었던 순간이 떠오르네요. 또 하나 마음을 사로잡은 곳은 뉴욕의 브루클린 미술관인데, 이 곳은 성인이 된 후의 삶을 형성하는 공간이 되었습니다.""

생로랑,앙토니 바카렐로
뉴욕 현대 미술관
""뉴욕 현대 미술관(The Museum of Modern Art)은 방문할 때마다 인상깊은 전시를 볼 수 있어요. 현재 거주 중인 파리에도 훌륭한 박물관이 많지만, 오히려 자주 찾지 않게 되는데, 뉴욕에서는 영감을 얻을 문화와 전시에 대한 감각을 더욱 예민하게 유지할 수 있습니다.""

릭 오웬스
테이트 모던
""테이트 모던은 공간의 비율, 규모, 사용된 재료, 그리고 현대화 방식까지 인상적인 건축물입니다. 특히 현대적인 인더스트리얼 비율이 주는 감각이 마음에 들어요.""

겐조,니고
가와이 간지로 기념관
""가와이 간지로의 집은 정말 오래된 일본식 주택으로, 현재는 박물관으로 탈바꿈한 공간이다. 교토에 갈 때마다 꼭 방문하곤 하는데, 저명한 도예가였던 칸지로의 아틀리에를 그대로 볼 수 있는 점이 특히 마음에 들어요.""

잠바티스타 발리
옥양목 섬유 박물관
""아마다바드에 있는 옥양목 섬유 박물관(Calico Museum of Textiles)과 국립 로마 박물관(National Roman Museum)에 위치한 마시모 궁전(Palazzo Massimo). 둘 다 끊임없이 영감을 주는 공간이자 너무 사랑하는 곳이기 때문에 하나만 꼽을 수 없어요.""

브루넬로 쿠치넬리
아테네 국립 박물관
""루브르 박물관이나 우피치 미술관의 아름다움과 독창성은 의심할 여지가 없지만, 고전 그리스 문화에 대한 애정을 고려한다면, 아테네 국립 박물관을 가장 좋아한다고 말할 수 있어요.""",https://www.wwdkorea.com/news/articleView.html?idxno=8912
WWD Korea,2025-03-10,폴렌느와 아일랜드 여성복 디자이너 로이진 피어스의 만남,"폴렌느(Polene)가 아일랜드 출신 디자이너 로이진 피어스(Róisín Pierce)와 협업한 컬렉션을 2025 F/W 파리 패션위크에서 공개했다. 피어스는 WWD와의 인터뷰에서 폴렌느는 제가 하는 일의 기술성과 아일랜드 레이스 작업에 관심이 있었다며, 이는 매우 섬세한 기술이자, 디자인에 대한 섬유적 접근 방식이라고 설명했다. 이번 협업 컬렉션은 총 두 가지 가방으로 이루어졌으며 오는 4월 공식 출시된다.
첫 번째는 '버튼 보우 스피어(Button Bow Sphere)' 백으로, 교회에서 볼 수 있는 향로나 구슬의 형태를 연상시킨다. 가죽으로 만든 오리지미 스타일의 리본과 단추가 독특함을 더했다.
두 번째는 '버튼 보우 박스(Button Bow Box)' 백이다. 스피어 백과 마찬가지로 가죽 디테일의 직사각형 형태를 활용했다. 피어스는 분필색, 진한 파란색, 밝은 파란색의 총 세 가지 컬러로 제품을 디자인했다.
낭만주의자이자 독서광인 피어스는 실비아 플래스, 블라디미르 나보코프, 미국 사진작가 윌슨 벤틀리의 작품에서 영감을 얻었다. 또한 그는 자신의 개인적인 삶을 언급하며, 컬렉션에 '순수한 것은 머물 수 없다(Nothing Pure Can Stay)'라는 제목을 붙였다. 그는 ""이 컬렉션은 영원하지 않음이 얼마나 아름다운지에 대한 이야기""라고 덧붙였다.",https://www.wwdkorea.com/news/articleView.html?idxno=8894
WWD Korea,2025-03-07,"휴고 보스, 첫 번째 아트 바젤 어워드 후원!","휴고 보스(Hugo Boss)가 아트 바젤 마이애미 비치에서 열리는 첫 번째 '아트 바젤 어워드(Art Basel Awards)'를 후원한다. 이번 어워드는 예술가, 기관, 그리고 예술 산업에 기여한 인물들을 기리기 위해 마련된 새로운 시상 프로그램으로, 12월에 열리는 아트 바젤 행사 중 시상식이 진행될 예정이다.
‘아트 바젤 어워드’의 첫 번째 수상자는 5월에 발표되며, 9개 카테고리에서 36명의 메달리스트가 선정된다. 수상 부문은 신진 아티스트, 기존 아티스트, 아이코닉한 아티스트 등 예술 창작 분야뿐만 아니라, 큐레이터, 미술관 및 기관, 후원자, 미디어 분야도 포함된다. 수상자는 총 9명의 국제 전문가로 구성된 심사위원단에 의해 선정되며, 이 중 12명의 금메달 수상자는 최종 후보자들 간의 동료 투표를 통해 결정된다.
'아트 바젤 어워드'는 수상자들에게 멘토링, 파트너십, 전시 기회를 제공하여 그들의 성장을 지원하는 것을 목표로 한다. 이번 후원은 휴고 보스가 현대 미술에 대한 지속적인 지원 의지를 이어가고 있음을 보여준다. 휴고 보스는 1996년부터 구겐하임 미술관과 협력해 ‘휴고 보스 프라이즈’를 후원해 왔으며, 이 상은 2년마다 10만 달러와 미술관에서의 개인전을 제공하는 권위 있는 상이다. ‘휴고 보스 프라이즈’는 매튜 바니, 리크릿 티라바니자, 아니카 이, 시몬 리 등 수많은 현대 미술가들을 배출한 바 있다. 마지막 휴고 보스 프라이즈는 2020년에 사진작가 디애나 로슨에게 수여됐다.",https://www.wwdkorea.com/news/articleView.html?idxno=8881
WWD Korea,2025-03-07,"이솝, 첫 주얼리 작품 ‘오르너 이어 커프’ 출시","이솝(Aesop)이 ‘오르너 오 드 퍼퓸’ 출시를 기념해 브랜드 최초의 주얼리 작품 ‘오르너 이어 커프’를 선보인다. ‘오르너’라는 이름은 고대 노르드어에서 유래한 것으로, ‘꽃으로 장식하다’라는 뜻을 가지고 있다. 향수가 피부를 감싸는 느낌을 반영한 이 주얼리 작품은 태국의 주얼리 디자이너 파차라비파 보디랏낭쿠라(Patcharavipa Bodiratnangkura)와 협업하여 제작되었으며, 향기의 물질적 표현을 시도했다.
파차라비파는 태국 전통 장인 기술과 일본의 와비사비(Wabi-sabi) 정신을 결합한 독특한 디자인으로 잘 알려져 있다. 이번 이어 커프 역시 그녀의 섬세한 감각과 재료에 대한 깊은 이해를 바탕으로 완성되었으며, ‘강한 의지로 피어나는 꽃’이라는 오르너 향수의 핵심 메시지를 유기적인 형태와 견고한 소재로 구현했다. ‘오르너 이어 커프’는 오르너 오 드 퍼퓸과 함께 전 세계 엄선된 매장에서 200개 한정으로 출시되며, 향수와 주얼리가 어우러지는 새로운 감각적 경험을 선사할 예정이다.",https://www.wwdkorea.com/news/articleView.html?idxno=8879
WWD Korea,2025-03-06,"앤아더스토리즈, 세계 여성의 날 기념 실크 스카프 출시!","앤아더스토리즈(& Other Stories)가 2025년 세계 여성의 날을 맞아 런던 기반 아티스트 카리마(Karimah)와 협업한 한정판 오가닉 실크 스카프를 선보인다. 이번 협업은 “세계 여성의 날은 당신에게 어떤 의미인가?”라는 질문에서 시작되었으며, 카리마는 그에 대한 답으로 ‘사랑, 삶의 완벽한 레거시(Let Love Be Your Legacy)’라는 작품을 제작했다. 이를 바탕으로 강렬한 색감과 의미 있는 모티프가 어우러진 실크 스카프가 탄생했고 여성의 강인함과 연약함, 그리고 자매애를 표현하는 상징적인 메시지를 담고 있다.
이번 협업은 단순한 패션 아이템을 넘어, 여성들이 서로를 지지하고 영감을 줄 수 있는 프로젝트로 기획됐다. 앤아더스토리즈 지속가능성 총괄 세실리아 맥닐(Cecilia Mcneil)은 “세계 여성의 날은 목소리를 높이고, 자기표현을 장려하며, 의미 있는 변화를 만들어가는 날”이라며 카리마의 작품이 이러한 가치를 그대로 담고 있다고 전했다.
실크 스카프는 3월 6일부터 앤아더스토리즈 오프라인 매장과 공식 온라인 스토어에서 만나볼 수 있다. 앤아더스토리즈는 이번 스카프 판매 수익금 전액을 유엔 여성기구(UN Women)의 ‘두 번째 기회 교육 프로그램(SCE)’에 기부할 예정이다. 이 프로그램은 교육 기회를 놓친 여성들에게 정규 교육과 직업 훈련을 제공해 경제적 자립을 지원하는 것을 목표로 하고 있다.",https://www.wwdkorea.com/news/articleView.html?idxno=8862
WWD Korea,2025-03-06,2025 F/W 파리 패션위크를 빛낸 스트리트 스타일,"2025 F/W 시즌을 맞은 파리 패션위크! 지금 프랑스 파리는 패션위크 열기로 뜨겁다. 빅 하우스의 최신 컬렉션을 관람하는 즐거움은 물론, 길거리의 패셔너블한 게스트들을 보는 재미도 있다. 패션위크를 참석한 파리지앵들의 스타일은 한층 더 과감해졌다. 볼드한 주얼리와 다채로운 컬러 및 패턴 등 한 끗 다른 스타일링으로 자신만의 개성을 드러낸 것. 특히 이들의 공통점이 있다면 과감한 액세서리를 활용하는 것이다. 무채색 톤 룩에 호피 무늬 베레모를 착용하거나, 골드 체인이 빛나는 미니 백을 무심하게 손에 걸치는 식이다. 혹은 골드 디테일이 돋보이는 선글라스와 볼드한 골드 이어링을 매치하는 식! 가방 크기는 이제 점점 더 작아지고 있고, 아이웨어, 이어링, 주얼리 등 액세서리는 더욱 과감해지고 있다.

Photo Courtesy ofKuba Dabrowski/WWD",https://www.wwdkorea.com/news/articleView.html?idxno=8854
WWD Korea,2025-03-06,"디올, 세계 여성의 날 기념 다큐멘터리 공개","디올이 세계 여성의 날을 맞아 새로운 다큐멘터리를 선보인다. 이번 프로젝트의 연출을 맡은 인물은 칼 라거펠트, 마크 제이콥스, 장 폴 고티에에 대한 다큐멘터리를 제작한 로익 프리장(Loïc Prigent). ‘Her Dior - Maria Grazia Chiuri’s Collaborations With Women Artists’라는 제목 아래, 디올의 크리에이티브 디렉터 마리아 그라치아 치우리(Maria Grazia Chiuri)와 그녀가 협업한 여성 아티스트들의 창작 세계를 조명한다.

다큐멘터리에는 2016년 치우리의 데뷔 쇼에서 ""We Should All Be Feminists"" 레터링 티셔츠를 선보인 작가 치마만다 응고지 아디치에(Chimamanda Ngozi Adichie), 1960년대의 혁신적이고 자유로운 감성을 담은 2022 S/S 컬렉션의 런웨이 무대를 연출한 아티스트 안나 파파라티(Anna Paparatti), 그리고 여성 폭력과 권리를 조명했던 2024 크루즈 컬렉션을 함께 한 여성 운동가 엘리나 쇼베(Elina Chauvet) 등이 등장할 예정이다.

로익 프리젠트는 과거 프랑스에서 페미니즘이 부정적인 의미로 여겨졌던 시절을 회상하며 “당시에는 스스로를 페미니스트라고 말하는 사람이 거의 없었다”고 말했다. 이어 “하지만 오늘날 세대는 전혀 다른 시각을 가지고 있다”며, 시대에 따라 변화하는 페미니즘의 의미를 강조했다. 그는 또한 “디올처럼 강력한 영향력을 지닌 브랜드라면 단순히 패션을 넘어 정치적 메시지를 전할 수도 있다”며, 마리아 그라치아 치우리를 높이 평가했다.
치우리는 디올 최초의 여성 크리에이티브 디렉터로서, 컬렉션을 통해 지속적으로 여성의 목소리를 반영해왔다. 이번 다큐멘터리는 단순한 패션 필름을 넘어, 패션과 사회적 메시지가 어떻게 연결되는지를 탐구하는 작품이 될 전망이다. 다큐멘터리는 3월 8일, 세계 여성의 날을 맞아 디올 공식 유튜브 채널에서 공개된다.

PhotoCourtesy ofDior",https://www.wwdkorea.com/news/articleView.html?idxno=8860
WWD Korea,2025-03-06,"알라이아와 뮈글러, 80년대 패션을 정의한 두 거장의 우정과 유산","파리에서 열린 전시 ‘아제딘 알라이아 & 티에리 뮈글러 1980/1990(Azzedine Alaïa Thierry Mugler 1980/1990)’는 1980년대 패션계를 대표하는 두 거장, 아제딘 알라이아와 티에리 뮈글러의 특별한 관계를 조명한다.
이번 전시는 알라이아의 아카이브와 개인 컬렉션에서 선별된 72점의 작품, 그리고 뮈글러의 빈티지 디자인 200여 점을 통해 두 디자이너의 스타일적 유사점과 차이를 비교하며, 그들의 우정과 협업이 알라이아 브랜드의 탄생에 어떤 영향을 미쳤는지를 탐구한다.
두 사람의 인연은 1979년, 뮈글러가 자신의 컬렉션을 위해 알라이아에게 턱시도 제작을 의뢰하면서 시작되었다. 이후 뮈글러는 알라이아가 1982년 뉴욕에서 첫 패션쇼를 열 수 있도록 전폭적인 지원을 아끼지 않았다. 백스테이지에서 모델들을 돌보고, 인터뷰 통역을 돕는 등 든든한 조력자가 되어준 것이다.
디자인적으로도 두 사람은 날렵한 소매, 페플럼, 해부학적 지퍼, 레이싱 디테일 등 공통된 요소를 사용하며, 서로에게 큰 영향을 주었다. 뮈글러는 알라이아가 더욱 대담하고 감각적인 스타일을 탐색하도록 영감을 주었고, 반대로 알라이아는 뮈글러의 디자인을 더욱 현실적이고 구조적으로 발전시키는 데 기여했다.
성격과 디자인 철학은 정반대였지만, 두 디자이너는 서로를 깊이 존경하며 패션사에 중요한 흔적을 남겼다. 뮈글러는 극적인 연출과 화려한 패션쇼로 유명했고, 알라이아는 정교한 테일러링과 섬세한 디자인으로 사랑받았다.
2025년 6월 29일까지 이어지는 이번 전시는 두 거장의 협력과 서로에게 미친 영향을 되짚으며, 패션 역사 속에서 그들의 유산을 새롭게 조명하는 기회가 될 것이다.",https://www.wwdkorea.com/news/articleView.html?idxno=8858
WWD Korea,2025-03-06,"무라카미 다카시, MLB 도쿄 시리즈 위한 한정판 컬렉션 공개!","특유의 꽃 모티브로 유명한 세계적인 현대 미술가, 무라카미 다카시가 2025 메이저리그(MLB) 도쿄 시리즈 개막을 기념하며 한정판 유니폼 컬렉션을 공개했다. 컴플렉스(Complex)와 MLB의 공식 리테일 파트너인 파나틱스(Fanatics)와 협업해여 제작한 유니폼에는 무라카미의 시그니처인 꽃 모티프가 적용되어 시선을 사로잡는다.
오는 3월 18일 도쿄돔에서 개막하는 시카고 컵스와 로스앤젤레스 다저스의 경기를 기념하는 이번 컬렉션은, 나이키 MLB 티셔츠와 후디, 두 팀의 유니폼을 포함한 다양한 의류와 수집품으로 구성됐다. 무라카미는 이 아이템에 특유의 생동감 넘치는 색상과 유쾌한 디자인을 더해 한층 더 특별한 분위기를 연출했다.
특히 LA다저스의 오타니 쇼헤이, 야마모토 요시노부, 무키 베츠, 프레디 프리먼과 컵스의 이마나가 쇼타, 스즈키 세이야, 댄스비 스완슨 등 주요 선수들의 유니폼에도 무라카미의 상징적인 꽃 예술이 더해져 높은 소장 가치를 지닌 아이템으로 기대를 모으고 있다. 무라카미는 ""이 새로운 컬렉션은 일본과 미국의 역사적 우정을 바탕으로 한다""라며, ""컴플렉스, MLB와 협업하게 되어 매우 운이 좋다고 생각한다. 특히 일본에서 이름을 알린 야구 선수 오타니 쇼헤이를 강조할 수 있어 감사하다""라고 소감을 전했다.
이번 컬렉션은 의류는 물론 트레이딩 카드와 뉴에라 니트, 볼캡, 야구공 및 글러브, 토트백, 열쇠고리 등 다양한 아이템으로 구성되었다. 무라카미의 새로운 슈즈 브랜드 '오하나 하타케'에서는 꽃 모티브와 함께 두 팀의 로고를 결합한 두 개의 새로운 한정판 슬라이드도 만나볼 수 있다. 이번 협업 컬렉션은 오는 3월 7일 출시되며, 컴플렉스, 파나틱스, MLB 웹사이트에서 만나볼 수 있다. 일부 제품은 MLB 도쿄 시리즈 경기 및 플래그십 스토어에서도 판매한다.

Photo Courtesy ofComplex",https://www.wwdkorea.com/news/articleView.html?idxno=8853
WWD Korea,2025-03-06,"라부부, 글로벌 셀럽들이 주목하는 새로운 패션 아이템?","중국 장난감 제조사 팝마트(Pop Mart)의 대표 캐릭터 라부부(Labubu)가 패션계에서 뜨거운 인기를 끌고 있다. 독특한 디자인과 희소성 덕분에 세계적인 셀럽과 로열 패밀리가 주목하는 가방 액세서리로 자리 잡았다.
블랙핑크 리사(Lisa), 스타일리스트 해리 램버트(Harry Lambert), 패션 에디터 겸 인플루언서 브라이언보이(Bryanboy) 등이 에르메스 버킨백 같은 럭셔리 가방에 라부부를 매치한 모습이 SNS에서 확산되며, 아시아를 중심으로 수요가 폭발적으로 증가했다. 태국 왕실 인사들이 공식 행사에서 라부부 인형을 들고 있는 모습도 화제가 되면서 캐릭터의 인기는 더욱 높아지고 있다.
라부부는 홍콩 아티스트 카싱 룽(Kasing Lung)이 2015년 처음 디자인한 캐릭터로, 2019년 팝마트와 라이선스 계약을 맺으며 본격적으로 글로벌 시장에 진출했다. 장난기 넘치는 표정과 뾰족한 치아가 특징인 이 인형은 봉제 인형, 메가 사이즈 피규어, 그리고 블라인드 박스 형태로 판매되고 있다. 특히, 랜덤으로 제공되는 블라인드 박스의 희귀한 히든 스타일은 컬렉터들 사이에서 높은 가치를 인정받으며, 중고 시장에서도 가격이 치솟고 있다.
팝마트는 라부부의 인기에 힘입어 빠르게 글로벌 시장을 확장하고 있다. 현재 미국, 영국, 프랑스, 싱가포르, 태국 등 주요 국가에 매장을 운영 중이며, 블라인드 박스 자판기를 확대해 브랜드 인지도를 높이고 있다. 또한, 앞으로 라부부와 패션 브랜드의 협업을 확대하고, 라부부를 비롯한 자사 캐릭터들을 글로벌 문화 콘텐츠로 발전시킬 계획이다.",https://www.wwdkorea.com/news/articleView.html?idxno=8828
WWD Korea,2025-03-05,밀란패션위크에서 포착한 베스트 스트리트 패션,"전통과 혁신이 만나는 패션계의 축제, 밀란 패션위크의 2025 F/W 시즌은 구찌의 오프닝 쇼를 필두로 프라다, 베르사체, 돌체앤가바나 등 밀라노를 대표하는 브랜드들이 컬렉션을 선보이며 더욱 빛을 발했다. 여기에 펜디, 디스퀘어드2, 까웨가 창립을 기념하는 특별한 쇼를 펼치며 한층 더 의미를 더했다.
그러나 이번 패션위크의 하이라이트는 런웨이뿐만이 아니었다. 거리 역시 다채로운 스트리트 스타일로 생동감을 더하며 또 하나의 패션 무대를 만들어냈다.
올 시즌 거리에서 가장 두드러진 트렌드는 테일러드 룩이었다. 포멀과 캐주얼의 경계를 허문 테일러드 재킷, 셔츠, 팬츠 스타일링이 눈길을 끌었다. 여기에 벨트로 허리선을 강조하거나 독특한 패턴과 텍스처가 가미된 이너웨어로 감각적인 디테일을 더하는 것이 포인트. 컬러와 소재를 맞춰 세트업처럼 연출하는 스타일링도 돋보였다.
스커트 스타일링도 한층 다채로워졌다. 비대칭 헴라인의 롱 스커트와 볼륨감 있는 디자인이 드레시한 무드를 연출했으며, 하나의 아트 피스와도 같은 선명한 컬러와 프린팅이 돋보이는 스커트는 개성을 드러내기에 충분했다. 여기에 베이직한 티셔츠나 블랙 재킷을 매치해 밸런스를 맞줬다.
레더 재킷 역시 거리에서 자주 포착된 아이템이었다. 와이드 데님 팬츠, 미디 스커트 등과 매치해 다양한 스타일로 변주할 수 있다는 점이 강점. 그 외에도 아이보리, 브라운 등의 톤온톤 스타일링은 물론 다양한 소재와 텍스처를 활용하는 레이어드 트렌드가 거리에 다채로움을 더했다.
마지막으로, 이번 시즌 런웨이에서 자주 등장한 퍼 아이템도 빠지지 않았다. 풍성한 실루엣을 자아내는 퍼 코트는 물론 모자, 머플러, 등 액세서리로 활용해 룩에 디테일을 더했다.
Photo Courtesy ofJonathan Daniel Pryce/WWD",https://www.wwdkorea.com/news/articleView.html?idxno=8850
WWD Korea,2025-03-05,"랄프 로렌, MLB 도쿄 시리즈 기념 캡슐 컬렉션 출시!","랄프 로렌(Ralph Lauren)이 오는 3월 일본에서 열리는 MLB 도쿄 시리즈를 기념해 새로운 캡슐 컬렉션을 선보인다. 이번 컬렉션은 뉴욕 양키스와 LA 다저스, 시카고 컵스를 중심으로 각 팀의 시그니처 컬러를 반영한 폴로 셔츠, 새틴 재킷, 플리스 스웨트셔츠, 야구 모자 등 다양한 아이템으로 구성된다.
랄프 로렌과 MLB의 협업은 2018년 뉴욕 양키스를 위한 한정판 컬렉션으로 시작됐다. 이후 2021년에는 다저스, 컵스, 카디널스, 레드삭스 등을 포함한 멀티 팀 캡슐 컬렉션을 출시했으며, 2024년에는 새로운 양키스 컬렉션을 선보이며 파트너십을 더욱 확장했다. 이번 도쿄 시리즈 컬렉션 역시 브랜드의 야구에 대한 애정을 담은 프로젝트로, 성인과 어린이 모두를 위한 제품들이 준비되어 있다.
또한, 랄프 로렌과 MLB는 3월 15일부터 도쿄에서 다양한 팬 이벤트를 진행한다. 시부야 미야시타 공원에서는 팬들을 위한 '팬 존(Fan Zone)'이 운영되며, 랄프 로렌 MLB 팝업 스토어도 오픈될 예정이다. 이번 컬렉션은 3월부터 뉴욕 MLB 플래그십 스토어, 일부 MLB 구장 매장, 전 세계 랄프 로렌 매장, 그리고 MLB와 랄프 로렌 공식 온라인 스토어에서 구매할 수 있다.",https://www.wwdkorea.com/news/articleView.html?idxno=8852
WWD Korea,2025-03-05,리테일 전문가들이 전하는 밀란 패션위크 트렌드,"2025 F/W 밀란 패션위크에서는 펜디(Fendi), 프라다(Prada), 질 샌더(Jil Sander), 토즈(Tods), 디젤(Diesel), 마르니(Marni) 등 여러 브랜드들이 혁신적인 컬렉션으로 큰 주목을 받았다. 리테일러들은 이번 시즌이 브랜드의 전통을 고수하면서도 과감한 창의성을 보여준 점을 높이 평가하며, 밀란이 여전히 패션계에서 중요한 영향력을 미친다고 전했다.

루팔 파텔(Roopal Patel)
_삭스 피프스 애비뉴 패션 디렉터
""펜디의 100주년 컬렉션이 특히 기억에 남습니다. 브랜드의 장인 정신과 전통이 고스란히 느껴졌죠. 프라다는 현대 여성의 아름다움과 개성을 강조하는 작품을 선보였고, 질 샌더의 마지막 컬렉션은 강력한 테일러링과 독특한 디테일로 큰 인상을 남겼습니다. 이번 시즌 트렌드로는 60-70년대의 페미닌한 스타일, 다양한 텍스처를 결합한 아우터웨어, 그리고 스커트 슈트의 부활이 두드러졌습니다.""

마리사 갈란테 프랭크(Marissa Galante Frank)
_블루밍데일즈 뷰티 및 액세서리 패션 디렉터
""펜디의 스파이 백을 재구성한 스타일은 과거의 유산을 기리면서도 미래를 향한 가능성을 내포하고 있어 인상 깊었습니다. 프라다는 여성미를 현대적인 시각으로 풀어냈고, 토즈는 미니멀리즘과 다양한 텍스처를 결합해 신선한 매력을 발산했습니다. 트렌드로는 뱀피트와 악어가죽, 프린지 장식, 페이크 퍼가 눈에 띄었으며 필수 아이템으로는 프라다의 로퍼-부츠 하이브리드와 펜디의 인형 장식을 추천합니다.""

리키 드 솔(Rickie De Sole)
_노드스트롬 패션 디렉터
""프라다의 독창적인 접근 방식과 섬세한 디테일을 높이 평가합니다. 펜디의 100주년 컬렉션은 실비아 벤투리니 펜디의 비전이 잘 반영된 세련된 작품이었고, 마르니는 독특한 색감과 유머가 돋보였습니다. 이번 시즌 트렌드로는 헐렁한 실루엣과 장식적인 디테일, 텍스처 대조가 강조되었습니다. 필수 아이템으로는 하이 뱀프 펌프와 펜디의 가죽 필기구 세트를 주목해 보세요.""

조셉 탕(Joseph Tang)
_홀트 렌프류 패션 디렉터
""프라다, 펜디, 브루넬로 쿠치넬리의 컬렉션에 주목했습니다. 프라다는 여성미의 경계를 넘나드는 혁신적인 실루엣과 소재로 강렬한 인상을 주었고, 펜디는 브랜드 유산을 기리며 깊은 여운을 남겼습니다. 브루넬로 쿠치넬리는 전통적인 남성복을 여성복에 접목하여 세련된 컬렉션을 선보였죠. 이번 시즌의 트렌드로는 이퀘스트리언 테마와 텍스처 레이어링이 주목받고 있습니다.""

WriterLuisa Zargani, Sandra Salibian, Martino Carrera, Samantha Conti / WWD",https://www.wwdkorea.com/news/articleView.html?idxno=8851
WWD Korea,2025-03-05,"2025 F/W 밀란 패션위크, 주목할 만한 데뷔 브랜드 3","패션위크 시즌이 다가오면 가장 인기 있는 쇼의 티켓을 확보하기 위한 경쟁이 시작된다. 그러나 기존 유명 브랜드와 화제의 디자이너들을 제외하고도 새로운 재능을 발견할 수 있는 기회도 많다. 2025 F/W 시즌 지금까지 유명세를 타지 않았던 세 명의 디자이너가 밀란 패션위크 런웨이에 데뷔했다.
2025년 LVMH 프라이즈 준결승 진출자 중 한 명인 프란체스코 무라노(Francesco Murano), 2023년 자신의 이름을 딴 브랜드로 스타일 캐피털의 재정 지원을 받은 주세페 디 모라비토(Giuseppe Di Morabito), 2016년 루카 린과 함께 Act N.1을 공동 설립하고 2023년 브랜드를 떠난 후 솔로 프로젝트 인스티튜션(Institution)을 론칭한 갈립 카사노프(Galib Gassanoff)가 그 주인공이다. 이들은 모두 여성성에 대한 세 가지 다른 해석을 담은 컬렉션을 선보였다.

프란체스코 무라노 (Francesco Murano)
올해 2월은 무라노에게 기념비적인 달이었다. 이탈리아 밀라노 출신의 무라노가 자신의 고향에서 첫 데뷔 컬렉션 쇼를 선보였으며, 올해의 LVMH 젊은 패션 디자이너상 준결승 진출자 18명 중 한 명으로 선정되었기 때문. 2020년 그는 대학을 갓 졸업했을 당시, 비욘세를 비롯한 여러 셀러브리티들의 지지를 받기도 했다.
무라노는 밀란에 위치한 폰다치오네 소자니에서 2025 F/W 컬렉션 쇼를 공개했다. 흰 박스로 꾸며진 미니멀한 공간에서 관객들은 무라노 특유의 풍성한 이브닝 웨어, 날카롭고 세련된 테일러링에만 집중할 수 있었다.
이번 컬렉션은 고대 그리스의 폴리클레이토스가 옹호한 키아스무스 조각 기법에 대한 아이디어가 돋보였다. 바이어스 컷과 드레이핑을 사용해 몸을 감싸는 시스루 드레스부터 몸통을 감싸는 톱, 볼륨감 있는 상의의 드라마틱한 점프수트 등 움직임이 돋보이는 의상이 등장했다. 일부 모델들은 이번 시즌 테마를 시각적으로 표현한 '강철 구'를 손에 들고 등장하기도 했다.

주세페 디 모라비토 (Giuseppe Di Morabito)
주세페 디 모라비토는 미국 젠지 세대 사이 가장 핫한 모델 아멜리아 그레이를 오프닝 모델로 세우고, 휴머노이드 로봇 아메카를 게스트로 섭외해 화제를 불러일으켰다. 그는 최근 인생을 바꾼 사건을 경험한 후, 무질서를 창조로 바꾸기 위해 노력해왔다고 말했다. 이번 2025 F/W 시즌 컬렉션에는 휴먼 테크의 이중성과 강인함과 연약함 사이 긴장감을 탐구한 결과를 담아냈다.
갑옷을 연상시키는 금속 보호막에 유연한 드레이핑을 추가하거나, 누에고치를 연상시키는 부드러운 질감에 화려한 패턴을 활용했다. 란제리 레퍼런스와 조각같은 코르셋, 17~18세기를 연상시키는 크리놀린을 통해 거침 없는 매혹을 발산했다. 여기에 투명한 레이스와 관능적인 드레이핑이 돋보이는 가죽, 크리스탈 드레스로 라인업을 마무리했다.

갈립 카사노프 (Galib Gassanoff) - 인스티튜션(Institution)
갈립 카사노프는 화려하거나 유행에 편승하기보다는 순수한 장인 정신을 추구하는 컬렉션을 선보였다. 호화로운 밀라노 바가티 발세티 박물관에서 열린 인스티튜션(Institution)의 데뷔 쇼에서, 디자이너는 자신의 아제르바이잔에서 태어난 후 조지아의 트빌리시 외곽에서 자란 자신의 뿌리를 기념했다. 그는 인스티튜션을 개인적인 자기 표현의 공간이자 사회 예술적 조직으로 생각한다며, 브랜드의 궁극적인 목표가 ""모션 아트, 음악, 행동 주의, 협업, 사라질 위기에 처한 자국의 공예품을 보호하고 컬렉션 제작에 여성 커뮤니티를 참여시켜 세대 간 전승을 지원하는 것""이라고 설명했다.
인스티튜션의 핵심 요소는 현지 직조 기술과 핸드메이드 방식이다. 갈립 카사노프는 조지아의 카펫 제작 전통을 재현한 기법을 활용하여 뷔스티에부터 스커트, 군용 녹색 가운을 손으로 직접 엮어 조각했다. 또한 경계를 넘나드는 쿠튀르적 방식을 따라 조각 같은 화이트 드레스와 매력적인 볼 스커트를 심플한 블랙 터틀넥과 매치하는 등 장인 정신이 돋보이는 의상을 탄생시켰다.",https://www.wwdkorea.com/news/articleView.html?idxno=8844
WWD Korea,2025-03-04,"펜디, 100년의 헤리티지를 담은 런웨이 쇼","2025년, 펜디(Fendi)가 브랜드 창립 100주년을 맞는다. 한 세기를 아우르는 펜디의 역사는 바로 펜디 가문의 서사와 밀접하게 연결된다.
1918년, 아델 펜디(Adele Fendi)가 로마에 첫 매장을 열면서 펜디의 역사는 시작됐다. 이후 1925년, 남편 에도아르도 펜디(Edoardo Fendi)와 함께 로마에 브랜드를 설립했고, 그 유산은 다섯 딸, 파올라(Paola), 안나(Anna), 프랑카(Franca), 칼라(Carla), 알다(Alda)에게 이어졌다. 이들은 펜디를 이탈리아의 장인 정신을 담은 브랜드에서 오늘날 글로벌 럭셔리 하우스로 성장시켰다.

1952년, 펜디는 이브닝 백 카테고리에서 최초로 플라스틱 소재의 클러치를 선보였고, 같은 시기 소프트 레더 수트케이스를 추가하며 제품군을 확장했다. 1960년대 중반, 칼 라거펠트(Karl Lagerfeld)가 브랜드에 합류하면서 펜디는 새로운 전환점을 맞이했다. 혁신적인 디자인과 아이코닉한 FF 모노그램을 앞세운 그는 브랜드 정체성을 확립했고, 글로벌 확장을 가속화했다. 이러한 흐름 속에서 1966년, 알다와 칼라 자매는 밀라노 비아 보르고노보(Via Borgonovo)에 첫 매장을 오픈했고, 10년 후 뉴욕의 대표적인 럭셔리 백화점 버그도프 굿맨(Bergdorf Goodman)에 입점하며 미국 시장으로 영역을 넓혔다. 1970년대에는 앙리 벤델(Henri Bendel)과 협업해 8개의 신규 매장을 추가하며 글로벌 럭셔리 브랜드로서의 입지를 더욱 확고히 했다.

1987년에는 안나 펜디(Anna Fendi)의 딸이 브랜드에 합류하며 3세대의 시대가 열렸다. 실비아 벤투리니 펜디(Silvia Venturini Fendi)는 1992년에 펜디의 아트 디렉터로 취임하며 액세서리와 남성복을 총괄했고, 1994년에는 펜디씨메(Fendissime) 라인을 론칭했다. 1997년, 그녀가 탄생시킨 바게트 백은 단숨에 ‘잇 백(It Bag)’으로 자리 잡으며 패션계의 아이콘이 되었다. 이 백은 2000년, 'Fashion Group International(FGI)'의 액세서리 어워드를 수상하며 그 가치를 인정받았고, 현재까지도 브랜드를 대표하는 시그니처 아이템으로 사랑받고 있다.
같은 해, LVMH 그룹에 합류한 펜디는 또 한 번의 전환점을 맞이했다. 킴 존스(Kim Jones)는 2020년부터 2024년까지 여성복 컬렉션을 이끌었으며, 현재는 델피나 델레트레즈 펜디(Delfina Delettrez Fendi)가 주얼리 아티스틱 디렉터로 활동하며 4세대에 걸친 유산을 이어가고 있다. 100년이 지난 지금도 펜디는 변함없이 럭셔리 하우스로서의 위상을 공고히 하고 있다.

이번 쇼는 펜디의 역사를 그대로 담아냈다. 100주년을 기념하는 이번 쇼의 오프닝은 실비아 벤투리니 펜디가 맡았다. 그녀는 여섯 살 난 손자 다르도(Dardo)와 타지오(Tazio)와 함께, 로마 비아 보르고뇨나(Via Borgognona)에 위치했던 펜디 최초의 부티크를 재현한 문을 열며 쇼의 시작을 알렸다. 이는 1925년 아델과 에도아르도 펜디가 세운 브랜드의 기원을 기리는 동시에, LVMH 그룹에 합류한 이후에도 여전히 브랜드의 가치와 가문의 유산을 지켜가고 있음을 상징적으로 드러낸 장면이었다.
2024년 10월, 킴 존스의 퇴임 이후 아티스틱 디렉터 자리는 여전히 공석이지만, 이번 컬렉션은 펜디의 정체성이 흔들리지 않았음을 증명했다. 브랜드의 시그니처인 퍼와 레더 아이템은 현대적이면서도 윤리적인 접근 방식을 통해 재해석되었으며, 특히 풍성한 오버코트, 고급스러운 스톨, 정교하게 완성된 코트 칼라 등 퍼 디테일의 활용이 돋보였다. 전체 85개의 룩 중 대부분은 시어링 소재를 사용해 지속 가능한 럭셔리를 향한 브랜드의 의지를 드러냈다. 컬러 팔레트 역시 인상적이었다. 붉은 벽돌 톤의 런웨이를 배경으로 부드러운 파스텔과 깊이감 있는 브라운 컬러가 조화를 이루며, 구조적이면서도 경쾌한 실루엣을 연출했다. 디그레이드 효과를 더한 모헤어 드레스, 유려한 실루엣의 레이스 스커트, 정교한 테일러링이 조화를 이루며, 전통과 혁신이 공존하는 펜디만의 감각을 선보였다.",https://www.wwdkorea.com/news/articleView.html?idxno=8846
WWD Korea,2025-03-04,비욘세와 리바이스의 두 번째 만남,"리바이스(Levi's)가 글로벌 아이콘 비욘세(Beyoncé)와 협업하여 'REIIMAGINE' 캠페인의 두 번째 챕터, ‘Pool Hall’을 선보인다.
함께 공개된 'Pool Hall' 캠페인 영상은 배우 티모시 올리펀트(Timothy Olyphant)와의 긴장감 넘치는 당구 대결 장면을 담았다. 앞서 첫 번째 챕터 ‘Launderette’가 1985년 리바이스의 클래식 광고를 재해석하며 큰 반향을 일으킨 데 이어, 그래미 수상 경력의 감독 멜리나 마츠카스(Melina Matsoukas)와 협업해 1991년의 리바이스 광고를 현대적으로 재해석한 것이다.
캠페인 화보 속 그녀는 90년대 하이 라이즈 디테일과 70년대 레기 핏이 조화를 이루는 립 케이지 와이드 레그 진(Ribcage Wide Leg Jeans)에 빈티지한 감성이 돋보이는 스탠다드 핏 브레이디드 데님 베스트(Standard Fit Braided Denim Vest), 그리고 스페이드 트렌치 코트(Spade Trench Coat)를 매치해 스타일을 완성했다. 특히, 클래식한 피크 라펠 칼라, 사이드 포켓, 허리 벨트 디테일이 돋보이는 트렌치 코트는 개성이 돋보이는 창의적인 스타일링을 제안하며, 비욘세만의 아이코닉한 데님 룩을 더욱 강조했다.
리바이스의 글로벌 마케팅 책임자인 케니 미첼(Kenny Mitchell)은 “Pool Hall 캠페인은 리바이스의 유산을 기리는 동시에 새로운 시대를 향한 도약을 의미한다. 리바이스는 시대를 초월한 데님 역사 속에서 끊임없이 새로움을 창조해 왔으며, 이번 캠페인을 통해 누구나 리바이스와 함께 자신만의 스타일을 표현할 수 있기를 바란다”고 전했다.
한편, 이번 캠페인은 TBWA\Chiat\Day LA와의 크리에이티브 파트너십을 통해 기획됐으며, 드 라 레볼루시옹/(de la revolućion/PRETTYBIRD)가 제작했다. ‘Pool Hall’ 컬렉션은 브랜드 공식 소셜 미디어에서 더욱 다양한 콘텐츠로 만나볼 수 있다.",https://www.wwdkorea.com/news/articleView.html?idxno=8845
WWD Korea,2025-03-04,제97회 오스카 시상식을 빛낸 베스트 드레서들,"데미 무어
데미 무어(Demi Moore)는 조르지오 아르마니(Giorgio Armani) 프리베의 크리스털 드레스를 입고 등장했다. 깊게 파인 네크라인과 주름이 잡힌 힙 디테일이 돋보였으며, 드라마틱한 트레인이 우아함을 더욱 강조했다. 메탈릭한 스타일링을 완성한 데미 무어는 매혹적인 자태로 시선을 사로잡았다.

아리아나 그란데
아리아나 그란데(Ariana Grande)는 스키아파렐리(Schiaparelli) 쿠튀르 드레스로 코르셋 스타일을 완벽하게 소화했다. 190,000개 이상의 크리스털 스팽글과 유리 비즈로 장식된 이 드레스는 아리아나의 몸매를 강조하면서도 신비로운 매력을 더했다.

셀레나 고메즈
셀레나 고메즈(Selena Gomez)는 랄프 로렌(Ralph Lauren) 드레스를 선택했다. 12명의 장인들이 수작업으로 완성한 크리스털 장식 드레스는 마릴린 먼로를 연상시키는 우아함을 발산했다. 웨이브를 넣은 단발 헤어스타일과 스모키 아이 메이크업은 셀레나의 매혹적인 아름다움을 더욱 강조했다.

신시아 에리보
루이 비통(Louis Vuitton)의 다크 그린 벨벳 드레스를 입고 등장한 신시아 에리보(Cynthia Erivo)는 칼라와 리본 디테일이 있는 풀 스커트 스타일로 개성과 대담함을 완벽하게 표현했다. 장난기 넘치면서도 볼륨감 있는 디자인은 그녀의 독특한 매력을 한층 부각시켰다.

엘 패닝
엘 패닝(Elle Fanning)은 지방시(Givenchy)의 새 크리에이티브 디렉터 사라 버튼이 디자인한 첫 번째 레드카펫 드레스를 선보이며 큰 주목을 받았다. 프랑스 리옹 레이스와 실크 툴로 섬세하게 제작된 이 드레스는 고전적인 아름다움과 현대적인 감각을 동시에 보여주며 클래식한 우아함을 발산했다.",https://www.wwdkorea.com/news/articleView.html?idxno=8840
WWD Korea,2025-02-28,럭셔리 브랜드들이 선보인 2025 S/S 캠페인,"발렌티노
발렌티노(Valentino)는 크리에이티브 디렉터 알레산드로 미켈레(Alessandro Michele)의 디렉팅 아래 ‘파비옹 데 폴리(Pavillon des Folies)’ 캠페인을 선보였다. 이번 캠페인은 발렌티노의 장인 정신이 담긴 다양한 기법을 활용해 아름다움의 본질을 탐구하는 데 집중했다. 브랜드 특유의 기법과 디테일이 어우러진 룩들을 통해 아름다움이 치유제처럼 인간의 삶을 풍요롭게 한다는 메시지를 전달한다. 포토그래퍼 글렌 러치포드(Glen Luchford)가 촬영한 캠페인 속 모델들은 자유롭고 생동감 있는 포즈로 컬렉션의 다채로운 매력을 드러냈다.

꾸레쥬
꾸레쥬(Courrèges)는 이번 캠페인을 통해 브랜드의 시그니처 디자인인 ‘카레 마지크(Carré Magique)’를 새로운 시각으로 재해석했다. 화이트 배경을 바탕으로 직사각형 컷아웃과 비대칭 프레임을 활용한 이번 캠페인은 미지의 세계로 향하는 창을 표현하고 있다. 포토그래퍼 마크 보스윅(Mark Borthwick)은 플레어 실루엣과 미니멀한 스타일링을 강조하며, 모델들의 개성을 돋보이게 촬영했다. 또한, 빛과 그림자가 어우러진 장면 속에서 젊음, 향수, 로맨스를 시각적으로 그려내며 브랜드의 철학을 담아냈다.

조르지오 아르마니
조르지오 아르마니(Giorgio Armani)는 2025 S/S 캠페인에서 뉴욕 패션쇼의 배경이 되었던 기차역의 분위기를 감각적으로 재현했다. 계단과 철도, 아치형 천장이 어우러진 공간에서 증기 기관차가 출발을 준비하는 순간을 담아 만남과 이별, 출발과 도착이 교차하는 장면을 연출했다. 모델들은 선글라스와 다양한 액세서리를 활용해 시대를 초월하는 스타일의 우아한 여행자 모습을 완성했다. 흑백 영화에서 영감을 받은 이번 캠페인은 포토그래퍼 로빈 길리에게(Robin Galigue)의 렌즈를 통해 따뜻한 아날로그 감성을 표현했다.

돌체앤가바나
돌체앤가바나(Dolce & Gabbana)는 글로벌 앰버서더 문가영과 NCT 도영과 함께한 새로운 캠페인을 공개했다. 이번 캠페인은 ‘절제된 관능미’를 주제로, 브랜드 특유의 이탈리안 감성을 현대적으로 재해석했다. 문가영은 도심 속 호텔의 화려한 조명 아래 매혹적인 아우라를 발산하며, 클래식한 여성상에 대한 오마주를 자신만의 스타일로 표현했다. 또한 NCT 도영은 이탈리아의 햇살 아래 우아한 테일러링과 세련된 감각이 어우러진 스타일링으로 고급스러운 무드를 연출했다.",https://www.wwdkorea.com/news/articleView.html?idxno=8821
WWD Korea,2025-02-28,"패션 일러스트레이터에서 추상 화가로, 타냐 링의 변신","패션 일러스트레이터로 명성을 쌓은 타냐 링(Tanya Ling)이 추상 미술로 새로운 도전을 이어가고 있다. 루이 비통, 펜디, 샤넬 등 럭셔리 브랜드의 광고 및 컬렉션 일러스트를 작업했던 그녀는 이제 추상 회화와 조각 작업에 몰두하고 있다. 타냐 링의 최신 전시 ‘Incitatus(잉키타투스)’가 런던 메이페어의 린지 잉그램(Lyndsey Ingram) 갤러리에서 3월 14일까지 열린다.
이번 전시는 링이 어린 시절부터 좋아했던 말에서 영감을 받아 유화, 잉크 드로잉, 소금 반죽 등 다양한 매체를 활용해 말의 움직임과 에너지를 감각적으로 표현한 작품들로 구성되어 있다. 강렬한 붉은색, 보라색, 푸른색의 유화 작품들은 기마행렬이나 마장마술의 역동적인 아름다움을 떠올리게 하며, 청색 잉크로 그린 드로잉들은 마치 물속에서 흐르는 말의 갈기처럼 부드럽고 유려한 선을 보여준다. 전시 공간은 말과 관련된 이름을 가진 작품들로 채워졌으며, 전시 개막일에는 실제 말이 등장해 퍼포먼스를 선보였다.
센트럴 세인트 마틴스를 졸업한 타냐 링은 크리스찬 라크루아(Christian Lacroix)와 도로테 비스(Dorothée Bis)에서 디자이너로 경력을 쌓았다. 이후 패션 일러스트레이터로 활동하며 그녀의 작품 50여 점이 빅토리아 앤 앨버트 박물관(V&A)에 소장될 만큼 큰 주목을 받았다. 10년 전부터는 순수 미술에 집중해 추상 회화로의 전환을 시도했고 캔버스와 유화, 조각을 활용하여 더욱 직관적이고 감성적인 작업을 이어가고 있다.
이번 전시를 기획한 갤러리스트 린지 잉그램은 “타냐 링의 작품은 직관적이고 진정성이 넘치며, 그녀만의 독창적인 시각 언어를 창조해낸다”라고 평가했다. 링은 “이번 전시는 어떤 사회적 메시지를 전달하려는 것이 아니라, 그 자체로 하나의 독립적인 이야기”라며, 추상 미술을 통해 자신만의 세계를 구축해가고 있음을 강조했다.

WriterSamantha Conti / WWD",https://www.wwdkorea.com/news/articleView.html?idxno=8813
WWD Korea,2025-02-27,글로벌 톱 패션 디자이너가 선정한 2025 맨즈 패션 베스트 아이템,"보다 많은 새옷 대신, 옷장 속 몇 가지 전략적인 아이템만으로도 센스있는 룩을 연출할 수 있다. 브루넬로 쿠치넬리(brunello ucinelli), 폴 스미스(Paul Smith), 그리고 제냐(Zegna)의 아티스틱 디렉터 알레산드로 사르토리(Alessandro Sartori)는 블루와 네이비 톤의 테일러드 아이템을 주목해야 할 트렌드로 꼽았다. 클래식한 코트부터 정제된 실루엣의 블레이저까지, 깔끔한 테일러링이 돋보이는 아이템을 데님 팬츠와 매치해 센스있는 캐주얼 룩을 완성하는 것이 포인트다.
조금 더 과감한 스타일을 원한다면, 릭 오웬스(Rick Owens)가 제안하는 화이트 크로커다일 데님에 도전해보는 것도 방법이다. 또한, 작은 디테일이야말로 개성 있는 스타일을 완성하는 핵심 요소다. LGN(Louis Gabriel Nouchi) 창립자이자 크리에이티브 디렉터, 루이 가브리엘 누시(Louis-Gabriel Nouchi)는 감각적인 이너웨어 하나가 룩에 강렬한 인상을 더한다고 말한다.
트렌드를 아우르는 글로벌 톱 패션 디자이너 17인에게 2025년 남성 스타일의 베스트 아이템에 대해 물었다.

릭 오웬스
”롱 존스, 완벽한 가죽 장갑, 그리고 화이트 크로커다일 데님이라고 생각합니다.""

에르메스의 남성복 아티스틱 디렉터, 베로니크 니샤냥(Véronique Nichania)
“완벽한 수트, 혹은 매혹적인 가죽 아이템, 그리고 데님 팬츠와도 조화롭게 어우러지는 타이. 수트 역시 캐주얼하게 연출해도 충분히 매력적이라는 점을 기억하면 좋겠습니다.""

폴 스미스
“카디건처럼 부드럽게 흐르는 블루 톤의 재킷과 데님 팬츠. 평소 스키니 핏을 선호하진 않지만, 트렌드를 고려해 옷장 속 하나쯤 넣어두면 좋을 머스트 해브 아이템이라고 생각합니다.""

브루넬로 쿠치넬리
“1년 내내 입을 수 있는 가벼운 캐시미어 네이비 재킷을 추천해요.""

겐조(Kenzo)의 크리에이티브 디렉터, 니고(Nigo)
“캐주얼한 무드의 테일러드 아이템. 신발은 스니커즈를 넘어 좀 더 색다른 선택을 해보는 것도 좋을 것 같습니다.""

사카이(Sacai)의 창립자이자 크리에이티브 디렉터, 아베 치토세(Chitose Abe)
“가지고 있던 세련되고 시크한 이미지의 재킷을 캐주얼한 무드로 변주해 보는 것은 어떨까요.""

제냐의 아티스틱 디렉터, 알렉산드로 사르토리
“피크 라펠 디자인의 블랙 또는 네이비 톤의 더블 브레스트 블레이저라고 생각합니다.""

준야 와타나베(Junya Watanabe)
“저의 데일리 아이템, 심플한 핏의 깔끔한 존 스메들리(John Smedley) 크루넥 스웨터를 추천합니다.""
브리오니(Brioni)의 크리에이티브 디렉터, 노르베르트 슈템플(Norbert Stumpfl)
“클래식하면서도 세련된 실루엣을 완성하는 테일러드 코트. 브리오니의 더블 브레스트 재킷이면 베스트죠.“

아미 파리스(Ami Paris)의 창립자이자 크리에이티브 디렉터, 알렉상드르 마티우시(Alexandre Mattiussi)
“세련된 룩을 완성하는 싱글 브레스트, 더블 브레스트 스타일의 재킷과 오버사이즈 코트를 추천합니다. 클래식한 아이템이라도 잘 고른 재킷 하나가 룩의 완성도를 높여주니까요.""

칼 라거펠트(Karl Lagerfeld)의 크리에이티브 디렉터, 김훈(Hun Kim)
""예전에는 훨씬 캐주얼한 스타일이 주를 이뤘지만, 요즘엔 조금 더 드레스 업한 룩을 선호하는 것 같아요. 그렇다고 포멀웨어에 집중하기보다 캐주얼한 무드의 셔츠와 테일러드 재킷으로 자연스러운 멋을 더하는 것을 추천합니다.

찰스 제프리 러버보이(Charles Jeffrey Loverboy) 창립자이자 크리에이티브 디렉터,  찰스 제프리(Charles Jeffrey)
""남성 패션에는 유머 감각이 필요해요. 요즘 패션은 트렌드에 빠르게 반응하지만, 개성과 위트가 부족한 경우가 많습니다. 여기서 말하는 '유머'란 단순히 눈길을 끄는 것이 아니라, 패션의 본질을 이해하고 텍스처, 액세서리, 실루엣을 선택하고 표현하는 과정에서 녹여낼 수 있습니다. 결국 스타일에는 이 유머가 필요해요.""

LGN의 창립자이자 크리에이티브 디렉터, 루이 가브리엘 누시
""좋은 속옷, 클러치, 그리고 어쩌면 양복도 몇 벌 정도요.""

032c의 크리에이티브 디렉터, 마리아 코흐(Maria Koch)
""진정한 이브닝 재킷을 찾는다면 ‘얀커(Janker)’가 해답이죠. 쿨한 매력을 지녔으며, 어떤 스타일에도 자연스럽게 녹아들어요. 부클레 텍스처, 스트레이트 숄더, 페이즐리 패턴 등 어떤 조합과 매치해도 매력적이에요.""

션 수엔(Sean Suen)
""저는 항상 쇼 오프닝에 수트를 입고 등장했어요. 그만큼 실패하지 않는 아이템이라고 생각해요. 베이직하지만 남성복에서 가장 중요한 요소죠. 완벽한 핏을 신경 쓰되, 캐주얼한 무드로 연출하는 것이 핵심입니다.""
오피치네 제네랄(Officine Générale)의 창립자이자 크리에이티브 디렉터, 피에르 마헤오(Pierre Mahéo)
""뉴욕과 파리에 겨울이 찾아왔습니다. 이럴 때일수록 코트는 필수지만, 굳이 화려한 색상을 고집할 필요는 없습니다. 베이직한 코트에 포인트로 빅 스카프 하나면 충분합니다.""",https://www.wwdkorea.com/news/articleView.html?idxno=8816
